keyword,canonical_name,platform,pid,name,price,status,description,image_url,link,date,matched_keywords
아이폰 17 프로 맥스,아이폰 17 프로 맥스,번개장터,373747284,"아이폰 16,17 프로, 맥스 애플정품 클리어케이스 미개봉",36000,판매중,,https://media.bunjang.co.kr/product/373747284_1_1778114520_w{res}.jpg,https://m.bunjang.co.kr/products/373747284,2026-05-08 10:26,아이폰 17 프로 맥스
아이폰 17 프로 맥스,아이폰 17 프로 맥스,번개장터,355982213,[LG]아이폰17프로맥스(새상품/전색상/애플케어),1498800,판매중,,https://media.bunjang.co.kr/product/355982213_1_1773743825_w{res}.jpg,https://m.bunjang.co.kr/products/355982213,2026-05-08 10:20,아이폰 17 프로 맥스
아이폰 17 프로 맥스,아이폰 17 프로 맥스,번개장터,404481912,아이폰 17프로맥스 피타카 케이스 선셋,60000,판매중,,https://media.bunjang.co.kr/product/404481912_1_1777340734_w{res}.jpg,https://m.bunjang.co.kr/products/404481912,2026-05-08 10:05,아이폰 17 프로 맥스
아이폰 17 프로 맥스,아이폰 17 프로 맥스,번개장터,399463748,아이폰17 프로 맥스 케이스 팔아요,30000,판매중,,https://media.bunjang.co.kr/product/399463748_1_1775306765_w{res}.jpg,https://m.bunjang.co.kr/products/399463748,2026-05-08 10:05,아이폰 17 프로 맥스
아이폰 17 프로 맥스,아이폰 17 프로 맥스,번개장터,364369499,비싸게삽니다!!! 아이폰17프로 17프로맥스 미개봉 256 512 1TB,1700000,판매중,,https://media.bunjang.co.kr/product/364369499_1_1777866180_w{res}.jpg,https://m.bunjang.co.kr/products/364369499,2026-05-08 10:00,아이폰 17 프로 맥스
아이폰 17 프로 맥스,아이폰 17 프로 맥스,번개장터,364344128,비싸게삽니다!!! 아이폰17프로 17프로맥스 미개봉 256 512 1TB,1700000,판매중,,https://media.bunjang.co.kr/product/364344128_1_1777866171_w{res}.jpg,https://m.bunjang.co.kr/products/364344128,2026-05-08 10:00,아이폰 17 프로 맥스
아이폰 17 프로 맥스,아이폰 17 프로 맥스,번개장터,355961242,[알뜰통신사]아이폰17프로맥스(새상품/전색상/미개봉),1480000,판매중,,https://media.bunjang.co.kr/product/355961242_1_1778062918_w{res}.jpg,https://m.bunjang.co.kr/products/355961242,2026-05-08 09:45,아이폰 17 프로 맥스
아이폰 17 프로 맥스,아이폰 17 프로 맥스,번개장터,403362103,아이폰17프로맥스 512 풀박,2090000,판매중,,https://media.bunjang.co.kr/product/403362103_1_1778157792_w{res}.jpg,https://m.bunjang.co.kr/products/403362103,2026-05-08 09:26,아이폰 17 프로 맥스
아이폰 17 프로 맥스,아이폰 17 프로 맥스,번개장터,355960339,[KT]아이폰17프로맥스(새상품/전색상/정품),1479000,판매중,,https://media.bunjang.co.kr/product/355960339_1_1778156604_w{res}.jpg,https://m.bunjang.co.kr/products/355960339,2026-05-08 09:20,아이폰 17 프로 맥스
아이폰 17 프로 맥스,아이폰 17 프로 맥스,번개장터,355959994,[SKT]아이폰17프로맥스(새상품/전색상/정품),1480000,판매중,,https://media.bunjang.co.kr/product/355959994_1_1778156621_w{res}.jpg,https://m.bunjang.co.kr/products/355959994,2026-05-08 09:20,아이폰 17 프로 맥스
아이폰 17 프로 맥스,아이폰 17 프로 맥스,번개장터,394161073,"[미사용/새상품]아이폰17프로맥스 재고정리 할인 [13,14,15,16]",930000,판매중,,https://media.bunjang.co.kr/product/394161073_1_1773288689_w{res}.jpg,https://m.bunjang.co.kr/products/394161073,2026-05-08 09:00,아이폰 17 프로 맥스
아이폰 17 프로 맥스,아이폰 17 프로 맥스,번개장터,394158930,"[미사용/새상품]아이폰16프로맥스 재고정리 할인 [13,14,15,17]",720000,판매중,,https://media.bunjang.co.kr/product/394158930_1_1773288777_w{res}.jpg,https://m.bunjang.co.kr/products/394158930,2026-05-08 09:00,아이폰 17 프로 맥스
아이폰 17 프로 맥스,아이폰 17 프로 맥스,번개장터,383175889,아이폰 17프로맥스 가나디 미러 맥세이프 폰케이스,13900,판매중,,https://media.bunjang.co.kr/product/383175889_1_1770874714_w{res}.jpg,https://m.bunjang.co.kr/products/383175889,2026-05-08 08:41,아이폰 17 프로 맥스
아이폰 17 프로 맥스,아이폰 17 프로 맥스,번개장터,355981731,아이폰17프로맥스[KT](새상품/전색상/애플케어),1509000,판매중,,https://media.bunjang.co.kr/product/355981731_1_1757905327_w{res}.jpg,https://m.bunjang.co.kr/products/355981731,2026-05-08 08:35,아이폰 17 프로 맥스
아이폰 17 프로 맥스,아이폰 17 프로 맥스,번개장터,406641382,새상품급 자급제 아이폰 17 프로맥스 1테라,2450000,판매중,,https://media.bunjang.co.kr/product/406641382_1_1778162825_w{res}.jpg,https://m.bunjang.co.kr/products/406641382,2026-05-08 08:10,아이폰 17 프로 맥스
아이폰 17 프로 맥스,아이폰 17 프로 맥스,번개장터,399344028,아이폰 17 Pro Max 정품 투명 케이스,27000,판매중,,https://media.bunjang.co.kr/product/399344028_1_1776364026_w{res}.jpg,https://m.bunjang.co.kr/products/399344028,2026-05-08 08:07,아이폰 17 프로 맥스
아이폰 17 프로 맥스,아이폰 17 프로 맥스,번개장터,398045710,아이폰 17프로맥스 UAG 맥세이프 오렌지색 케이스,36000,판매중,,https://media.bunjang.co.kr/product/398045710_1_1774753781_w{res}.jpg,https://m.bunjang.co.kr/products/398045710,2026-05-08 08:07,아이폰 17 프로 맥스
아이폰 17 프로 맥스,아이폰 17 프로 맥스,번개장터,355981003,[SKT]아이폰17프로맥스(새상품/전색상/애플케어),1510000,판매중,,https://media.bunjang.co.kr/product/355981003_1_1757754534_w{res}.jpg,https://m.bunjang.co.kr/products/355981003,2026-05-08 08:00,아이폰 17 프로 맥스
아이폰 17 프로 맥스,아이폰 17 프로 맥스,번개장터,355960747,[LG]아이폰17프로맥스(새상품/전색상/정품),1469000,판매중,,https://media.bunjang.co.kr/product/355960747_1_1778063081_w{res}.jpg,https://m.bunjang.co.kr/products/355960747,2026-05-08 07:55,아이폰 17 프로 맥스
아이폰 17 프로 맥스,아이폰 17 프로 맥스,번개장터,395196825,아이폰17프로맥스 케이스티파이 메종키츠네,91000,판매중,,https://media.bunjang.co.kr/product/395196825_1_1778116216_w{res}.jpg,https://m.bunjang.co.kr/products/395196825,2026-05-08 07:48,아이폰 17 프로 맥스
아이폰 17 프로 맥스,아이폰 17 프로 맥스,번개장터,395280889,아이폰 17 프로맥스 케이스 일괄,5000,판매중,,https://media.bunjang.co.kr/product/395280889_1_1777280166_w{res}.jpg,https://m.bunjang.co.kr/products/395280889,2026-05-08 07:15,아이폰 17 프로 맥스
아이폰 17 프로 맥스,아이폰 17 프로 맥스,번개장터,403594257,새상품 아이폰17 프로맥스 카드홀더 케이스 블랙색상,12000,판매중,,https://media.bunjang.co.kr/product/403594257_1_1776975007_w{res}.jpg,https://m.bunjang.co.kr/products/403594257,2026-05-08 06:52,아이폰 17 프로 맥스
아이폰 17 프로 맥스,아이폰 17 프로 맥스,번개장터,403157124,새상품 아이폰17 프로맥스 밀리터리 패턴 케이스,8000,판매중,,https://media.bunjang.co.kr/product/403157124_1_1776778969_w{res}.jpg,https://m.bunjang.co.kr/products/403157124,2026-05-08 06:52,아이폰 17 프로 맥스
아이폰 17 프로 맥스,아이폰 17 프로 맥스,번개장터,403254066,새상품 아이폰17 프로 맥스 카드홀더 케이스 브라운색상,12000,판매중,,https://media.bunjang.co.kr/product/403254066_1_1777000177_w{res}.jpg,https://m.bunjang.co.kr/products/403254066,2026-05-08 06:52,아이폰 17 프로 맥스
아이폰 17 프로 맥스,아이폰 17 프로 맥스,번개장터,406456541,아이폰17프로맥스256GB(코믹스오렌지),1900000,판매중,,https://media.bunjang.co.kr/product/406456541_1_1778161020_w{res}.jpg,https://m.bunjang.co.kr/products/406456541,2026-05-08 02:46,아이폰 17 프로 맥스
아이폰 17 프로 맥스,아이폰 17 프로 맥스,번개장터,393276572,(구매합니다) 아이폰17 프로 프로맥스 미개봉 자급제 매입,1700000,판매중,,https://media.bunjang.co.kr/product/393276572_1_1778040546_w{res}.jpg,https://m.bunjang.co.kr/products/393276572,2026-05-08 01:10,아이폰 17 프로 맥스
아이폰 17 프로 맥스,아이폰 17 프로 맥스,번개장터,328415497,((삽니다)) 아이폰17 프로 프로맥스 미개봉 자급제 매입 구매,1700000,판매중,,https://media.bunjang.co.kr/product/328415497_1_1778118599_w{res}.jpg,https://m.bunjang.co.kr/products/328415497,2026-05-08 01:05,아이폰 17 프로 맥스
아이폰 17 프로 맥스,아이폰 17 프로 맥스,번개장터,364410642,(구매합니다) 아이폰17 프로 프로맥스 미개봉 자급제 매입,1700000,판매중,,https://media.bunjang.co.kr/product/364410642_1_1778118399_w{res}.jpg,https://m.bunjang.co.kr/products/364410642,2026-05-08 01:04,아이폰 17 프로 맥스
아이폰 17 프로 맥스,아이폰 17 프로 맥스,번개장터,404927639,케이스티파이 아이폰17프로맥스 치이카와,54000,판매중,,https://media.bunjang.co.kr/product/404927639_1_1777522044_w{res}.jpg,https://m.bunjang.co.kr/products/404927639,2026-05-08 00:47,아이폰 17 프로 맥스
아이폰 17 프로 맥스,아이폰 17 프로 맥스,번개장터,392891720,빅쏘 VICXXO 테크우븐 맥세이프 아이폰17프로맥스 케이스 새제품,9000,판매중,,https://media.bunjang.co.kr/product/392891720_1_1778166970_w{res}.jpg,https://m.bunjang.co.kr/products/392891720,2026-05-08 00:16,아이폰 17 프로 맥스
아이폰 17 프로 맥스,아이폰 17 프로 맥스,번개장터,372307787,아이폰 17 프로맥스 케이스 블랙 정품 LV 가방 가죽으로,80000,판매중,,https://media.bunjang.co.kr/product/372307787_1_1776522342_w{res}.jpg,https://m.bunjang.co.kr/products/372307787,2026-05-08 00:11,아이폰 17 프로 맥스
아이폰 17 프로 맥스,아이폰 17 프로 맥스,번개장터,323475750,((삽니다)) 아이폰17 프로 프로맥스 미개봉 자급제 매입 구매,1700000,판매중,,https://media.bunjang.co.kr/product/323475750_1_1778118311_w{res}.jpg,https://m.bunjang.co.kr/products/323475750,2026-05-08 00:10,아이폰 17 프로 맥스
아이폰 17 프로 맥스,아이폰 17 프로 맥스,번개장터,366924578,(구매합니다) 아이폰17 프로 프로맥스 미개봉 자급제 매입,1700000,판매중,,https://media.bunjang.co.kr/product/366924578_1_1778118424_w{res}.jpg,https://m.bunjang.co.kr/products/366924578,2026-05-08 00:05,아이폰 17 프로 맥스
아이폰 17 프로 맥스,아이폰 17 프로 맥스,번개장터,238002929,매입) 아이폰매입 아이폰17프로 아이폰17프로맥스 16프로맥스 16프로,1930000,판매중,,https://media.bunjang.co.kr/product/238002929_1_1758212341_w{res}.jpg,https://m.bunjang.co.kr/products/238002929,2026-05-07 23:57,아이폰 17 프로 맥스
아이폰 17 프로 맥스,아이폰 17 프로 맥스,번개장터,384704012,삽니다) 아이폰 17프로맥스 아이폰 17프로 아이폰매입 중고폰 새폰 매입,2990000,판매중,,https://media.bunjang.co.kr/product/384704012_1_1769354587_w{res}.jpg,https://m.bunjang.co.kr/products/384704012,2026-05-07 23:57,아이폰 17 프로 맥스
아이폰 17 프로 맥스,아이폰 17 프로 맥스,번개장터,403980647,케이스티파이 아이폰17프로맥스,41000,판매중,,https://media.bunjang.co.kr/product/403980647_1_1778162321_w{res}.jpg,https://m.bunjang.co.kr/products/403980647,2026-05-07 22:58,아이폰 17 프로 맥스
아이폰 17 프로 맥스,아이폰 17 프로 맥스,번개장터,398669334,케이스티파이 디젤 블랙 데님 퍼퍼폰케이스 아이폰 17 프로맥스,179000,판매중,,https://media.bunjang.co.kr/product/398669334_1_1775018297_w{res}.jpg,https://m.bunjang.co.kr/products/398669334,2026-05-07 22:24,아이폰 17 프로 맥스
아이폰 17 프로 맥스,아이폰 17 프로 맥스,번개장터,393111859,[삽니다] 아이폰17 프로 프로맥스 256 512 1TB 미개봉 자급제,1700000,판매중,,https://media.bunjang.co.kr/product/393111859_1_1778056134_w{res}.jpg,https://m.bunjang.co.kr/products/393111859,2026-05-07 21:53,아이폰 17 프로 맥스
아이폰 17 프로 맥스,아이폰 17 프로 맥스,번개장터,390378913,(미사용)아이폰17프로맥스 케이스티파이 케이스,80000,판매중,,https://media.bunjang.co.kr/product/390378913_1_1771568073_w{res}.jpg,https://m.bunjang.co.kr/products/390378913,2026-05-07 21:50,아이폰 17 프로 맥스
아이폰 17 프로 맥스,아이폰 17 프로 맥스,번개장터,357134978,비싸게삽니다!!! 아이폰17프로 17프로맥스 미개봉 실버 블루 오렌지,1700000,판매중,,https://media.bunjang.co.kr/product/357134978_1_1777958601_w{res}.jpg,https://m.bunjang.co.kr/products/357134978,2026-05-07 21:40,아이폰 17 프로 맥스
아이폰 17 프로 맥스,아이폰 17 프로 맥스,번개장터,354243922,비싸게삽니다!!! 아이폰17프로 17프로맥스 미개봉 실버 블루 오렌지,1700000,판매중,,https://media.bunjang.co.kr/product/354243922_1_1777958574_w{res}.jpg,https://m.bunjang.co.kr/products/354243922,2026-05-07 21:40,아이폰 17 프로 맥스
아이폰 17 프로 맥스,아이폰 17 프로 맥스,번개장터,389757326,((삽니다)) 아이폰 17 일반_프로_프로맥스 자급제 미개봉 구매,2000000,판매중,,https://media.bunjang.co.kr/product/389757326_1_1774755347_w{res}.jpg,https://m.bunjang.co.kr/products/389757326,2026-05-07 20:55,아이폰 17 프로 맥스
아이폰 17 프로 맥스,아이폰 17 프로 맥스,번개장터,389756591,((삽니다)) 아이폰 17 일반_프로_프로맥스 자급제 미개봉 구매,2000000,판매중,,https://media.bunjang.co.kr/product/389756591_1_1774758707_w{res}.jpg,https://m.bunjang.co.kr/products/389756591,2026-05-07 20:55,아이폰 17 프로 맥스
아이폰 17 프로 맥스,아이폰 17 프로 맥스,번개장터,396407291,아이폰 17 프로맥스 아비오에 블루 블러 실버 에폭시케이스,7000,판매중,,https://media.bunjang.co.kr/product/396407291_1_1778150664_w{res}.jpg,https://m.bunjang.co.kr/products/396407291,2026-05-07 19:46,아이폰 17 프로 맥스
아이폰 17 프로 맥스,아이폰 17 프로 맥스,번개장터,394459728,루이비통 범퍼 팔라스 아이폰17프로맥스 M26927,550000,판매중,,https://media.bunjang.co.kr/product/394459728_1_1777869678_w{res}.jpg,https://m.bunjang.co.kr/products/394459728,2026-05-07 19:34,아이폰 17 프로 맥스
아이폰 17 프로 맥스,아이폰 17 프로 맥스,번개장터,405096814,아이폰 17 프로 맥스 맥세이프 투명 케이스,9900,판매중,,https://media.bunjang.co.kr/product/405096814_1_1777598845_w{res}.jpg,https://m.bunjang.co.kr/products/405096814,2026-05-07 19:34,아이폰 17 프로 맥스
아이폰 17 프로 맥스,아이폰 17 프로 맥스,번개장터,406596432,s급 아이폰 17 프로맥스 512GB 풀박스 애캐플,2400000,판매중,,https://media.bunjang.co.kr/product/406596432_1_1778149776_w{res}.jpg,https://m.bunjang.co.kr/products/406596432,2026-05-07 19:13,아이폰 17 프로 맥스
아이폰 17 프로 맥스,아이폰 17 프로 맥스,번개장터,379428799,[미개봉] 벨킨 울트라 강화유리 아이폰17 프로맥스용,32000,판매중,,https://media.bunjang.co.kr/product/379428799_1_1767178366_w{res}.jpg,https://m.bunjang.co.kr/products/379428799,2026-05-07 19:04,아이폰 17 프로 맥스
아이폰 17 프로 맥스,아이폰 17 프로 맥스,번개장터,406592504,아이폰17프로 맥스 케이스티파이 알로이 리플 케이스 판매합니다!,65000,판매중,,https://media.bunjang.co.kr/product/406592504_1_1778147488_w{res}.jpg,https://m.bunjang.co.kr/products/406592504,2026-05-07 18:51,아이폰 17 프로 맥스
아이폰 17 프로 맥스,아이폰 17 프로 맥스,번개장터,406573866,아이폰17프로맥스 실버 256G S급 판매합니다-배터리100%,1844000,판매중,,https://media.bunjang.co.kr/product/406573866_1_1778141795_w{res}.jpg,https://m.bunjang.co.kr/products/406573866,2026-05-07 17:16,아이폰 17 프로 맥스
아이폰 17 프로 맥스,아이폰 17 프로 맥스,번개장터,403727818,레몬 캐릭터 휴대폰 카드 케이스 아이폰17프로맥스,10000,판매중,,https://media.bunjang.co.kr/product/403727818_1_1777029583_w{res}.jpg,https://m.bunjang.co.kr/products/403727818,2026-05-07 16:16,아이폰 17 프로 맥스
아이폰 17 프로 맥스,아이폰 17 프로 맥스,번개장터,395784125,[구매]아이폰 15프로맥스 iOS 17.2.1~17.3.1or미개봉,1234567,판매중,,https://media.bunjang.co.kr/product/395784125_1_1776772571_w{res}.jpg,https://m.bunjang.co.kr/products/395784125,2026-05-07 16:13,아이폰 17 프로 맥스
아이폰 17 프로 맥스,아이폰 17 프로 맥스,번개장터,238452611,삽니다.매입)아이폰17아이폰17프로 아이폰17프로맥스 출장매입 미개봉,2500000,판매중,,https://media.bunjang.co.kr/product/238452611_1_1776761517_w{res}.jpg,https://m.bunjang.co.kr/products/238452611,2026-05-07 15:52,아이폰 17 프로 맥스
아이폰 17 프로 맥스,아이폰 17 프로 맥스,번개장터,406257299,아이폰 15프로맥스 -> 아이폰 17 or 17에어 교환,1004,판매중,,https://media.bunjang.co.kr/product/406257299_1_1778135720_w{res}.jpg,https://m.bunjang.co.kr/products/406257299,2026-05-07 15:37,아이폰 17 프로 맥스
아이폰 17 프로 맥스,아이폰 17 프로 맥스,번개장터,405859778,아이폰 17 프로 맥스 케이스 (케이스티파이 정품 - 레오파드),45000,판매중,,https://media.bunjang.co.kr/product/405859778_1_1777871659_w{res}.jpg,https://m.bunjang.co.kr/products/405859778,2026-05-07 14:51,아이폰 17 프로 맥스
아이폰 17 프로 맥스,아이폰 17 프로 맥스,번개장터,396874956,<삽니다>아이폰17프로 / 프로맥스 미개봉,2950000,판매중,,https://media.bunjang.co.kr/product/396874956_1_1778029729_w{res}.jpg,https://m.bunjang.co.kr/products/396874956,2026-05-07 14:43,아이폰 17 프로 맥스
아이폰 17 프로 맥스,아이폰 17 프로 맥스,번개장터,383551823,(미개봉) 아이폰17 프로맥스 맥세이프 케이스 정품,53000,판매중,,https://media.bunjang.co.kr/product/383551823_1_1773801888_w{res}.jpg,https://m.bunjang.co.kr/products/383551823,2026-05-07 14:35,아이폰 17 프로 맥스
아이폰 17 프로 맥스,아이폰 17 프로 맥스,번개장터,365824668,아이폰17 pro max 5/5 한정 리뷰&공지 필독,300000,판매중,,https://media.bunjang.co.kr/product/365824668_1_1777944373_w{res}.jpg,https://m.bunjang.co.kr/products/365824668,2026-05-07 13:45,아이폰 17 프로 맥스
아이폰 17 프로 맥스,아이폰 17 프로 맥스,번개장터,404956497,SS급 아이폰17프로맥스 1TB 오렌지 중고폰 공기계17promax,2450000,판매중,,https://media.bunjang.co.kr/product/404956497_1_1777531664_w{res}.jpg,https://m.bunjang.co.kr/products/404956497,2026-05-07 13:43,아이폰 17 프로 맥스
아이폰 17 프로 맥스,아이폰 17 프로 맥스,번개장터,239205619,매입.삽니다)아이폰17프로 아이폰17프로맥스 아이폰17 출장매입,2300000,판매중,,https://media.bunjang.co.kr/product/239205619_1_1758179222_w{res}.jpg,https://m.bunjang.co.kr/products/239205619,2026-05-07 11:35,아이폰 17 프로 맥스
아이폰 17 프로 맥스,아이폰 17 프로 맥스,번개장터,401952112,케이스티파이 아이폰 17프로맥스 임팩트 케이스,27000,판매중,,https://media.bunjang.co.kr/product/401952112_1_1777778919_w{res}.jpg,https://m.bunjang.co.kr/products/401952112,2026-05-07 10:50,아이폰 17 프로 맥스
아이폰 17 프로 맥스,아이폰 17 프로 맥스,번개장터,403515981,(삽니다)아이폰 17프로 프로맥스 미개봉자급제,1700000,판매중,,https://media.bunjang.co.kr/product/403515981_1_1778123141_w{res}.jpg,https://m.bunjang.co.kr/products/403515981,2026-05-07 10:03,아이폰 17 프로 맥스
아이폰 17 프로 맥스,아이폰 17 프로 맥스,번개장터,386631640,어반소피티케이션 헬로키티 콜라보 아이폰17프로맥스 케이스,120000,판매중,,https://media.bunjang.co.kr/product/386631640_1_1773077634_w{res}.jpg,https://m.bunjang.co.kr/products/386631640,2026-05-07 08:51,아이폰 17 프로 맥스
아이폰 17 프로 맥스,아이폰 17 프로 맥스,번개장터,395555325,케이스티파이 아이폰17프로맥스 링스탠드 조앤프렌즈케이스,83000,판매중,,https://media.bunjang.co.kr/product/395555325_1_1774937398_w{res}.jpg,https://m.bunjang.co.kr/products/395555325,2026-05-07 08:44,아이폰 17 프로 맥스
아이폰 17 프로 맥스,아이폰 17 프로 맥스,번개장터,280535529,아이폰17 프로맥스 자급제 256GB 미개봉 새제품 팝니다,2118000,판매중,,https://media.bunjang.co.kr/product/280535529_1_1777505779_w{res}.jpg,https://m.bunjang.co.kr/products/280535529,2026-05-07 07:03,아이폰 17 프로 맥스
아이폰 17 프로 맥스,아이폰 17 프로 맥스,번개장터,397530495,아이폰17프로맥스 실리콘 케이스 퍼플 팝니다,17000,판매중,,https://media.bunjang.co.kr/product/397530495_1_1777707098_w{res}.jpg,https://m.bunjang.co.kr/products/397530495,2026-05-07 00:32,아이폰 17 프로 맥스
아이폰 17 프로 맥스,아이폰 17 프로 맥스,번개장터,389684289,[새상품]아이폰17프로맥스 케이스티파이 주토피아,55000,판매중,,https://media.bunjang.co.kr/product/389684289_1_1771568178_w{res}.jpg,https://m.bunjang.co.kr/products/389684289,2026-05-06 23:58,아이폰 17 프로 맥스
아이폰 17 프로 맥스,아이폰 17 프로 맥스,번개장터,334640991,(새상품) 아이폰 15프로맥스 맥세이프케이스 17mm 스레드 렌즈 마운트,15000,판매중,,https://media.bunjang.co.kr/product/334640991_1_1769596939_w{res}.jpg,https://m.bunjang.co.kr/products/334640991,2026-05-06 23:11,아이폰 17 프로 맥스
아이폰 17 프로 맥스,아이폰 17 프로 맥스,번개장터,388274105,17 pro max 미닛뮤트 실버 아이폰 케이스 쉘핑크 17 프로맥스,63000,판매중,,https://media.bunjang.co.kr/product/388274105_1_1776725644_w{res}.jpg,https://m.bunjang.co.kr/products/388274105,2026-05-06 22:32,아이폰 17 프로 맥스
아이폰 17 프로 맥스,아이폰 17 프로 맥스,번개장터,388274383,17 pro max 미닛뮤트 실버 아이폰 케이스 버터 17 프로맥스,63000,판매중,,https://media.bunjang.co.kr/product/388274383_1_1776725633_w{res}.jpg,https://m.bunjang.co.kr/products/388274383,2026-05-06 22:32,아이폰 17 프로 맥스
아이폰 17 프로 맥스,아이폰 17 프로 맥스,번개장터,366138984,아이폰17프로 맥스 정품 케이스+강화유리필름,52340,판매중,,https://media.bunjang.co.kr/product/366138984_1_1761864346_w{res}.jpg,https://m.bunjang.co.kr/products/366138984,2026-05-06 22:16,아이폰 17 프로 맥스
아이폰 17 프로 맥스,아이폰 17 프로 맥스,번개장터,405629094,<새제품> 케이스티파이 x GD 아이폰 17 프로맥스 알로이 리플 케이스,100000,판매중,,https://media.bunjang.co.kr/product/405629094_1_1777803939_w{res}.jpg,https://m.bunjang.co.kr/products/405629094,2026-05-06 21:14,아이폰 17 프로 맥스
아이폰 17 프로 맥스,아이폰 17 프로 맥스,번개장터,406406490,아이폰17프로맥스 오렌지 256GB 배터리100% 상태좋은 중고174만팝,1740000,판매중,,https://media.bunjang.co.kr/product/406406490_1_1778067162_w{res}.jpg,https://m.bunjang.co.kr/products/406406490,2026-05-06 20:32,아이폰 17 프로 맥스
아이폰 17 프로 맥스,아이폰 17 프로 맥스,번개장터,366151516,((삽니다)) 아이폰 17 일반_프로_프로맥스 자급제 미개봉 구매,2000000,판매중,,https://media.bunjang.co.kr/product/366151516_1_1774758780_w{res}.jpg,https://m.bunjang.co.kr/products/366151516,2026-05-06 20:30,아이폰 17 프로 맥스
아이폰 17 프로 맥스,아이폰 17 프로 맥스,번개장터,371308501,아이폰 17프로맥스 아스날 케이스,7000,판매중,,https://media.bunjang.co.kr/product/371308501_1_1773099429_w{res}.jpg,https://m.bunjang.co.kr/products/371308501,2026-05-06 20:19,아이폰 17 프로 맥스
아이폰 17 프로 맥스,아이폰 17 프로 맥스,번개장터,406398138,물결 리본 미러 케이스 아이폰17 16 15 14 프로 맥스,10900,판매중,,https://media.bunjang.co.kr/product/406398138_1_1778065058_w{res}.jpg,https://m.bunjang.co.kr/products/406398138,2026-05-06 19:57,아이폰 17 프로 맥스
아이폰 17 프로 맥스,아이폰 17 프로 맥스,번개장터,406391749,파스텔 꽃 미러 스마트톡 케이스 아이폰17 프로 맥스16 15 14 13,8900,판매중,,https://media.bunjang.co.kr/product/406391749_1_1778063383_w{res}.jpg,https://m.bunjang.co.kr/products/406391749,2026-05-06 19:29,아이폰 17 프로 맥스
아이폰 17 프로 맥스,아이폰 17 프로 맥스,번개장터,393184505,아이폰17 프로맥스 맥세이프 클리어 케이스,5000,판매중,,https://media.bunjang.co.kr/product/393184505_1_1772635085_w{res}.jpg,https://m.bunjang.co.kr/products/393184505,2026-05-06 19:20,아이폰 17 프로 맥스
아이폰 17 프로 맥스,아이폰 17 프로 맥스,번개장터,388891705,"아이폰 17시리즈 삽니다.17프로맥스,17프로,17에어,17promax",3500000,판매중,,https://media.bunjang.co.kr/product/388891705_1_1770949391_w{res}.jpg,https://m.bunjang.co.kr/products/388891705,2026-05-06 19:08,아이폰 17 프로 맥스
아이폰 17 프로 맥스,아이폰 17 프로 맥스,번개장터,382558016,아이폰17프로맥스256 자급제 미개봉삽니다,1910000,판매중,,https://media.bunjang.co.kr/product/382558016_1_1773803894_w{res}.jpg,https://m.bunjang.co.kr/products/382558016,2026-05-06 16:15,아이폰 17 프로 맥스
아이폰 17 프로 맥스,아이폰 17 프로 맥스,번개장터,391515014,ESR 아이폰17프로맥스 할로락 클래식 맥세이프 클리어 케이스 새제품,16000,판매중,,https://media.bunjang.co.kr/product/391515014_1_1778048769_w{res}.jpg,https://m.bunjang.co.kr/products/391515014,2026-05-06 15:26,아이폰 17 프로 맥스
아이폰 17 프로 맥스,아이폰 17 프로 맥스,번개장터,405052983,아이폰17프로맥스 케이스티파이 맥세이프 호환 케이스,45000,판매중,,https://media.bunjang.co.kr/product/405052983_1_1777563743_w{res}.jpg,https://m.bunjang.co.kr/products/405052983,2026-05-06 15:19,아이폰 17 프로 맥스
아이폰 17 프로 맥스,아이폰 17 프로 맥스,번개장터,380102535,아이폰17프로맥스실버2테라 박스 구합니다,30000,판매중,,https://media.bunjang.co.kr/product/380102535_1_1771248713_w{res}.jpg,https://m.bunjang.co.kr/products/380102535,2026-05-06 12:51,아이폰 17 프로 맥스
아이폰 17 프로 맥스,아이폰 17 프로 맥스,번개장터,396548307,아이폰17프로맥스 케이스 필름 판매,5000,판매중,,https://media.bunjang.co.kr/product/396548307_1_1774529681_w{res}.jpg,https://m.bunjang.co.kr/products/396548307,2026-05-06 11:57,아이폰 17 프로 맥스
아이폰 17 프로 맥스,아이폰 17 프로 맥스,번개장터,384026307,새상품)Apple 정품 맥세이프형 beats아이폰 17프로맥스 케이스,48000,판매중,,https://media.bunjang.co.kr/product/384026307_1_1775559545_w{res}.jpg,https://m.bunjang.co.kr/products/384026307,2026-05-06 11:25,아이폰 17 프로 맥스
아이폰 17 프로 맥스,아이폰 17 프로 맥스,번개장터,405573718,케이스티파이 아이폰17프로맥스 알로이팝니다.,60000,판매중,,https://media.bunjang.co.kr/product/405573718_1_1778033412_w{res}.jpg,https://m.bunjang.co.kr/products/405573718,2026-05-06 11:10,아이폰 17 프로 맥스
아이폰 17 프로 맥스,아이폰 17 프로 맥스,번개장터,382467783,[삽니다] 아이폰17프로맥스 256 512미개봉 새제품,1880000,판매중,,https://media.bunjang.co.kr/product/382467783_1_1768921252_w{res}.jpg,https://m.bunjang.co.kr/products/382467783,2026-05-06 10:54,아이폰 17 프로 맥스
아이폰 17 프로 맥스,아이폰 17 프로 맥스,번개장터,345096784,특가 아이폰16프로 미사용 선착순 한정판매 맥스/13/14/15/17,490000,판매중,,https://media.bunjang.co.kr/product/345096784_1_1775785069_w{res}.jpg,https://m.bunjang.co.kr/products/345096784,2026-05-06 08:55,아이폰 17 프로 맥스
아이폰 17 프로 맥스,아이폰 17 프로 맥스,번개장터,405877777,특가 아이폰17e 미사용 선착순 한정판매 프로/맥스/13/14/15/16,90000,판매중,,https://media.bunjang.co.kr/product/405877777_1_1777876575_w{res}.jpg,https://m.bunjang.co.kr/products/405877777,2026-05-06 08:31,아이폰 17 프로 맥스
아이폰 17 프로 맥스,아이폰 17 프로 맥스,번개장터,323636975,특가 아이폰16 미사용 선착순 한정판매 프로/맥스/13/14/15/17,180000,판매중,,https://media.bunjang.co.kr/product/323636975_1_1775785033_w{res}.jpg,https://m.bunjang.co.kr/products/323636975,2026-05-06 08:31,아이폰 17 프로 맥스
아이폰 17 프로 맥스,아이폰 17 프로 맥스,번개장터,355382900,특가 아이폰15프로 미사용 선착순 한정판매 맥스/13/14/16/17,330000,판매중,,https://media.bunjang.co.kr/product/355382900_1_1775784982_w{res}.jpg,https://m.bunjang.co.kr/products/355382900,2026-05-06 08:25,아이폰 17 프로 맥스
아이폰 17 프로 맥스,아이폰 17 프로 맥스,번개장터,323637784,특가 아이폰17 미사용 선착순 한정판매 프로/맥스/13/14/15/16,230000,판매중,,https://media.bunjang.co.kr/product/323637784_1_1775785095_w{res}.jpg,https://m.bunjang.co.kr/products/323637784,2026-05-06 08:25,아이폰 17 프로 맥스
아이폰 17 프로 맥스,아이폰 17 프로 맥스,번개장터,355383741,특가 아이폰17프로 미사용 선착순 한정판매 맥스/13/14/15/16,730000,판매중,,https://media.bunjang.co.kr/product/355383741_1_1776758928_w{res}.jpg,https://m.bunjang.co.kr/products/355383741,2026-05-06 08:15,아이폰 17 프로 맥스
아이폰 17 프로 맥스,아이폰 17 프로 맥스,번개장터,355383989,특가 아이폰15 미사용 선착순 한정판매 프로/맥스/13/14/16/17,90000,판매중,,https://media.bunjang.co.kr/product/355383989_1_1775784961_w{res}.jpg,https://m.bunjang.co.kr/products/355383989,2026-05-06 08:11,아이폰 17 프로 맥스
아이폰 17 프로 맥스,아이폰 17 프로 맥스,번개장터,323645070,특가 아이폰17프로맥스 미사용 선착순 한정판매 13/14/15/16/애플,990000,판매중,,https://media.bunjang.co.kr/product/323645070_1_1775785143_w{res}.jpg,https://m.bunjang.co.kr/products/323645070,2026-05-06 08:05,아이폰 17 프로 맥스
아이폰 17 프로 맥스,아이폰 17 프로 맥스,번개장터,405871865,특가 아이폰16e 미사용 선착순 한정판매 프로/맥스/13/14/15/17,90000,판매중,,https://media.bunjang.co.kr/product/405871865_1_1777876648_w{res}.jpg,https://m.bunjang.co.kr/products/405871865,2026-05-06 08:00,아이폰 17 프로 맥스
아이폰 17 프로 맥스,아이폰 17 프로 맥스,번개장터,345096011,특가 아이폰16프로맥스 미사용 선착순 한정판매 12/13/14/15/17,830000,판매중,,https://media.bunjang.co.kr/product/345096011_1_1775785017_w{res}.jpg,https://m.bunjang.co.kr/products/345096011,2026-05-06 08:00,아이폰 17 프로 맥스
아이폰 17 프로 맥스,아이폰 17 프로 맥스,번개장터,406258130,아이폰 17 Pro Max 대여합니다,45000,판매중,,https://media.bunjang.co.kr/product/406258130_1_1778009615_w{res}.jpg,https://m.bunjang.co.kr/products/406258130,2026-05-06 04:33,아이폰 17 프로 맥스
아이폰 17 프로 맥스,아이폰 17 프로 맥스,번개장터,406233566,아이폰 17 프로맥스 카메라 보호필름 (신지모루),5000,판매중,,https://media.bunjang.co.kr/product/406233566_1_1777997420_w{res}.jpg,https://m.bunjang.co.kr/products/406233566,2026-05-06 01:10,아이폰 17 프로 맥스
아이폰 17 프로 맥스,아이폰 17 프로 맥스,번개장터,405389521,아이폰 17 프로맥스 케이스티파이 리플 케이스 멀버리,65000,판매중,,https://media.bunjang.co.kr/product/405389521_1_1777711987_w{res}.jpg,https://m.bunjang.co.kr/products/405389521,2026-05-05 22:18,아이폰 17 프로 맥스
아이폰 17 프로 맥스,아이폰 17 프로 맥스,번개장터,406191159,아이폰 17프로맥스 1테라 실버 자급제 애플케어 팝니다,2110000,판매중,,https://media.bunjang.co.kr/product/406191159_1_1777984946_w{res}.jpg,https://m.bunjang.co.kr/products/406191159,2026-05-05 21:32,아이폰 17 프로 맥스
아이폰 17 프로 맥스,아이폰 17 프로 맥스,번개장터,388996422,17 pro max 미닛뮤트 실버 아이폰 케이스 레오파드 17 프로맥스,63000,판매중,,https://media.bunjang.co.kr/product/388996422_1_1776725659_w{res}.jpg,https://m.bunjang.co.kr/products/388996422,2026-05-05 21:07,아이폰 17 프로 맥스
아이폰 17 프로 맥스,아이폰 17 프로 맥스,번개장터,384343797,아이폰17 프로 맥스 케이스티파이 케이스 펄 에디션,60000,판매중,,https://media.bunjang.co.kr/product/384343797_1_1772349017_w{res}.jpg,https://m.bunjang.co.kr/products/384343797,2026-05-05 20:34,아이폰 17 프로 맥스
아이폰 17 프로 맥스,아이폰 17 프로 맥스,번개장터,404275475,아이폰 17 프로 맥스 정품추출 후면유리,32000,판매중,,https://media.bunjang.co.kr/product/404275475_1_1777252756_w{res}.jpg,https://m.bunjang.co.kr/products/404275475,2026-05-05 19:29,아이폰 17 프로 맥스
아이폰 17 프로 맥스,아이폰 17 프로 맥스,번개장터,401400317,아이폰17 프로맥스 케이스티파이,80000,판매중,,https://media.bunjang.co.kr/product/401400317_1_1777974004_w{res}.jpg,https://m.bunjang.co.kr/products/401400317,2026-05-05 18:43,아이폰 17 프로 맥스
아이폰 17 프로 맥스,아이폰 17 프로 맥스,번개장터,402861578,아이폰17프로맥스 오렌지 구매합니다 내용 필수확인 !!!,2150000,판매중,,https://media.bunjang.co.kr/product/402861578_1_1777636875_w{res}.jpg,https://m.bunjang.co.kr/products/402861578,2026-05-05 17:11,아이폰 17 프로 맥스
아이폰 17 프로 맥스,아이폰 17 프로 맥스,번개장터,394611791,케이스티파이 아이폰17프로맥스 조앤프렌즈,60000,판매중,,https://media.bunjang.co.kr/product/394611791_1_1773233298_w{res}.jpg,https://m.bunjang.co.kr/products/394611791,2026-05-05 12:52,아이폰 17 프로 맥스
아이폰 17 프로 맥스,아이폰 17 프로 맥스,번개장터,380539060,아이폰 17프로맥스 케이스 판매,9000,판매중,,https://media.bunjang.co.kr/product/380539060_1_1776996134_w{res}.jpg,https://m.bunjang.co.kr/products/380539060,2026-05-05 12:27,아이폰 17 프로 맥스
아이폰 17 프로 맥스,아이폰 17 프로 맥스,번개장터,371842531,아이폰 17프로맥스 케이스 판매합니다,6000,판매중,,https://media.bunjang.co.kr/product/371842531_1_1776996165_w{res}.jpg,https://m.bunjang.co.kr/products/371842531,2026-05-05 12:27,아이폰 17 프로 맥스
아이폰 17 프로 맥스,아이폰 17 프로 맥스,번개장터,401263379,(새상품)아이폰 17프로맥스 케이스 판매합니다.,10000,판매중,,https://media.bunjang.co.kr/product/401263379_1_1776041220_w{res}.jpg,https://m.bunjang.co.kr/products/401263379,2026-05-05 12:27,아이폰 17 프로 맥스
아이폰 17 프로 맥스,아이폰 17 프로 맥스,번개장터,399820048,<삽니다> 아이폰17 프로  프로맥스 미개봉 자급제 <삽니다>,1930000,판매중,,https://media.bunjang.co.kr/product/399820048_1_1777783396_w{res}.jpg,https://m.bunjang.co.kr/products/399820048,2026-05-05 12:16,아이폰 17 프로 맥스
아이폰 17 프로 맥스,아이폰 17 프로 맥스,번개장터,395460033,<삽니다>아이폰 17 프로 프로맥스 미개봉 자급제 <삽니다>,2000000,판매중,,https://media.bunjang.co.kr/product/395460033_1_1777950996_w{res}.jpg,https://m.bunjang.co.kr/products/395460033,2026-05-05 12:16,아이폰 17 프로 맥스
아이폰 17 프로 맥스,아이폰 17 프로 맥스,번개장터,399622809,아이폰 17 Pro/Pro Max 투명 MagSafe 케이스,800,판매중,,https://media.bunjang.co.kr/product/399622809_1_1776067460_w{res}.jpg,https://m.bunjang.co.kr/products/399622809,2026-05-05 11:47,아이폰 17 프로 맥스
아이폰 17 프로 맥스,아이폰 17 프로 맥스,번개장터,376467147,아이폰 17프로 맥스 맥세이프 케이스,8000,판매중,,https://media.bunjang.co.kr/product/376467147_1_1765875364_w{res}.jpg,https://m.bunjang.co.kr/products/376467147,2026-05-05 09:42,아이폰 17 프로 맥스
아이폰 17 프로 맥스,아이폰 17 프로 맥스,번개장터,389013373,아이폰 17프로맥스 케이스티파이 조앤프렌즈,50000,판매중,,https://media.bunjang.co.kr/product/389013373_1_1777940544_w{res}.jpg,https://m.bunjang.co.kr/products/389013373,2026-05-05 09:23,아이폰 17 프로 맥스
아이폰 17 프로 맥스,아이폰 17 프로 맥스,번개장터,396138017,아이폰17프로 맥스 클레이즈 케이스티파이,35000,판매중,,https://media.bunjang.co.kr/product/396138017_1_1775287369_w{res}.jpg,https://m.bunjang.co.kr/products/396138017,2026-05-05 07:44,아이폰 17 프로 맥스
아이폰 17 프로 맥스,아이폰 17 프로 맥스,번개장터,374547379,아이폰 17 프로 맥스 사생활보호 액정필름 새제품,11000,판매중,,https://media.bunjang.co.kr/product/374547379_1_1765157912_w{res}.jpg,https://m.bunjang.co.kr/products/374547379,2026-05-05 06:21,아이폰 17 프로 맥스
아이폰 17 프로 맥스,아이폰 17 프로 맥스,번개장터,401020488,슈피겐 아이폰 17 프로 맥스 -미개봉,12000,판매중,,https://media.bunjang.co.kr/product/401020488_1_1777624887_w{res}.jpg,https://m.bunjang.co.kr/products/401020488,2026-05-05 06:12,아이폰 17 프로 맥스
아이폰 17 프로 맥스,아이폰 17 프로 맥스,번개장터,402942823,케이스티파이 건담콜라보 아이폰17프로맥스 케이스,110000,판매중,,https://media.bunjang.co.kr/product/402942823_1_1776685183_w{res}.jpg,https://m.bunjang.co.kr/products/402942823,2026-05-04 22:55,아이폰 17 프로 맥스
아이폰 17 프로 맥스,아이폰 17 프로 맥스,번개장터,405969439,아이폰 17 pro max 케이스티파이 카모 케이스,70000,판매중,,https://media.bunjang.co.kr/product/405969439_1_1778054320_w{res}.jpg,https://m.bunjang.co.kr/products/405969439,2026-05-04 22:18,아이폰 17 프로 맥스
아이폰 17 프로 맥스,아이폰 17 프로 맥스,번개장터,392418111,아이폰 17 프로맥스 케이스티파이 미피 블랙 케이스,60000,판매중,,https://media.bunjang.co.kr/product/392418111_1_1772349025_w{res}.jpg,https://m.bunjang.co.kr/products/392418111,2026-05-04 20:54,아이폰 17 프로 맥스
아이폰 17 프로 맥스,아이폰 17 프로 맥스,번개장터,399388597,아이폰17 프로맥스 케이스 라임스톤,45000,판매중,,https://media.bunjang.co.kr/product/399388597_1_1775291522_w{res}.jpg,https://m.bunjang.co.kr/products/399388597,2026-05-04 18:41,아이폰 17 프로 맥스
아이폰 17 프로 맥스,아이폰 17 프로 맥스,번개장터,400191418,트위너 아이폰17프로맥스 히비스커스 글로시 맥세이프 케이스,21000,판매중,,https://media.bunjang.co.kr/product/400191418_1_1775618798_w{res}.jpg,https://m.bunjang.co.kr/products/400191418,2026-05-04 17:21,아이폰 17 프로 맥스
아이폰 17 프로 맥스,아이폰 17 프로 맥스,번개장터,401296585,아이폰17프로맥스 더소프트아이보리 케이스 소프트레더쿠션 네이비 그레이,42000,판매중,,https://media.bunjang.co.kr/product/401296585_1_1778021926_w{res}.jpg,https://m.bunjang.co.kr/products/401296585,2026-05-04 17:21,아이폰 17 프로 맥스
아이폰 17 프로 맥스,아이폰 17 프로 맥스,번개장터,405891861,아이폰 17 Pro Max 정품 실리콘 케이스 + 맥세이프 투명 케이스,30000,판매중,,https://media.bunjang.co.kr/product/405891861_1_1777880061_w{res}.jpg,https://m.bunjang.co.kr/products/405891861,2026-05-04 16:34,아이폰 17 프로 맥스
아이폰 17 프로 맥스,아이폰 17 프로 맥스,번개장터,405878643,"아이폰 17세이지 색상 256GB 17프로,프로맥스 교환",1290000,판매중,,https://media.bunjang.co.kr/product/405878643_1_1777893642_w{res}.jpg,https://m.bunjang.co.kr/products/405878643,2026-05-04 15:40,아이폰 17 프로 맥스
아이폰 17 프로 맥스,아이폰 17 프로 맥스,번개장터,220138112,갤럭시S26 울트라 플립7 폴드7 아이폰17프로 맥스 미개봉 삽니다,1499000,판매중,,https://media.bunjang.co.kr/product/220138112_1_1774606345_w{res}.jpg,https://m.bunjang.co.kr/products/220138112,2026-05-04 14:36,아이폰 17 프로 맥스
아이폰 17 프로 맥스,아이폰 17 프로 맥스,번개장터,194428128,아이폰17 프로 맥스 S26 폴드7 플립7 256 512 자급제미개봉사요,2990000,판매중,,https://media.bunjang.co.kr/product/194428128_1_1774606308_w{res}.jpg,https://m.bunjang.co.kr/products/194428128,2026-05-04 14:34,아이폰 17 프로 맥스
아이폰 17 프로 맥스,아이폰 17 프로 맥스,번개장터,195266505,아이폰17프로맥스 블랙 갤럭시 플립7 S26 울트라 자급제 미개봉 사요,1990000,판매중,,https://media.bunjang.co.kr/product/195266505_1_1774606288_w{res}.jpg,https://m.bunjang.co.kr/products/195266505,2026-05-04 14:34,아이폰 17 프로 맥스
아이폰 17 프로 맥스,아이폰 17 프로 맥스,번개장터,205534205,아이폰17프로 맥스 마린 갤럭시S26 울트라 플립7 미개봉 자급제 삽니다,2480000,판매중,,https://media.bunjang.co.kr/product/205534205_1_1774606401_w{res}.jpg,https://m.bunjang.co.kr/products/205534205,2026-05-04 14:31,아이폰 17 프로 맥스
아이폰 17 프로 맥스,아이폰 17 프로 맥스,번개장터,192031411,아이폰17 16프로 맥스 갤럭시 S26 울트라 폴드7 울트라 자급제사요,1850000,판매중,,https://media.bunjang.co.kr/product/192031411_1_1774606393_w{res}.jpg,https://m.bunjang.co.kr/products/192031411,2026-05-04 14:30,아이폰 17 프로 맥스
아이폰 17 프로 맥스,아이폰 17 프로 맥스,번개장터,219988196,아이폰17프로맥스 폴드7 플립7 S26 미개봉 자급제 512 비싸게삽니다,2000000,판매중,,https://media.bunjang.co.kr/product/219988196_1_1774606379_w{res}.jpg,https://m.bunjang.co.kr/products/219988196,2026-05-04 14:29,아이폰 17 프로 맥스
아이폰 17 프로 맥스,아이폰 17 프로 맥스,번개장터,214742561,아이폰17 프로맥스 갤럭시 S26 폴드7 플립7 탭 미개봉자급제사요,1980000,판매중,,https://media.bunjang.co.kr/product/214742561_1_1774606370_w{res}.jpg,https://m.bunjang.co.kr/products/214742561,2026-05-04 14:28,아이폰 17 프로 맥스
아이폰 17 프로 맥스,아이폰 17 프로 맥스,번개장터,192030540,아이폰17 16 프로맥스 S26 울트라 플립7 패드 자급제 미개봉삽니다,1790000,판매중,,https://media.bunjang.co.kr/product/192030540_1_1774606317_w{res}.jpg,https://m.bunjang.co.kr/products/192030540,2026-05-04 14:28,아이폰 17 프로 맥스
아이폰 17 프로 맥스,아이폰 17 프로 맥스,번개장터,398463378,[새상품] 아이폰 17프로맥스 맥세이프 케이스,7000,판매중,,https://media.bunjang.co.kr/product/398463378_1_1774928005_w{res}.jpg,https://m.bunjang.co.kr/products/398463378,2026-05-04 13:32,아이폰 17 프로 맥스
아이폰 17 프로 맥스,아이폰 17 프로 맥스,번개장터,388800831,아이폰17 프로맥스 케이스티파이 튤립 케이스,60000,판매중,,https://media.bunjang.co.kr/product/388800831_1_1773898383_w{res}.jpg,https://m.bunjang.co.kr/products/388800831,2026-05-04 12:57,아이폰 17 프로 맥스
아이폰 17 프로 맥스,아이폰 17 프로 맥스,번개장터,388901645,미사용 아이폰17프로맥스 맥세이프 네이비 케이스+카드지갑 팝니다,10000,판매중,,https://media.bunjang.co.kr/product/388901645_1_1772419111_w{res}.jpg,https://m.bunjang.co.kr/products/388901645,2026-05-04 09:49,아이폰 17 프로 맥스
아이폰 17 프로 맥스,아이폰 17 프로 맥스,번개장터,405811849,아이폰17프로맥스 256 미개봉 구매합니다,1930000,판매중,,https://media.bunjang.co.kr/product/405811849_1_1777854603_w{res}.jpg,https://m.bunjang.co.kr/products/405811849,2026-05-04 09:30,아이폰 17 프로 맥스
아이폰 17 프로 맥스,아이폰 17 프로 맥스,번개장터,369111423,아이폰17프로맥스 링스탠드 케이스티파이 이나피스퀘어,80000,판매중,,https://media.bunjang.co.kr/product/369111423_1_1775048157_w{res}.jpg,https://m.bunjang.co.kr/products/369111423,2026-05-04 08:43,아이폰 17 프로 맥스
아이폰 17 프로 맥스,아이폰 17 프로 맥스,번개장터,405805480,아이폰17프로맥스케이스,5000,판매중,,https://media.bunjang.co.kr/product/405805480_1_1777850758_w{res}.jpg,https://m.bunjang.co.kr/products/405805480,2026-05-04 08:25,아이폰 17 프로 맥스
아이폰 17 프로 맥스,아이폰 17 프로 맥스,번개장터,405805336,아이폰17프로맥스케이스,10000,판매중,,https://media.bunjang.co.kr/product/405805336_1_1777850795_w{res}.jpg,https://m.bunjang.co.kr/products/405805336,2026-05-04 08:23,아이폰 17 프로 맥스
아이폰 17 프로 맥스,아이폰 17 프로 맥스,번개장터,405654639,뷰씨 아이폰16/17 프로맥스 사생활보호 필름 총 3장 일괄로 팝니다~,8000,판매중,,https://media.bunjang.co.kr/product/405654639_1_1777811187_w{res}.jpg,https://m.bunjang.co.kr/products/405654639,2026-05-03 21:26,아이폰 17 프로 맥스
아이폰 17 프로 맥스,아이폰 17 프로 맥스,번개장터,405644662,아이폰 리플케이스 멀버리 17 프로맥스,60000,판매중,,https://media.bunjang.co.kr/product/405644662_1_1777808393_w{res}.jpg,https://m.bunjang.co.kr/products/405644662,2026-05-03 20:39,아이폰 17 프로 맥스
아이폰 17 프로 맥스,아이폰 17 프로 맥스,번개장터,378505031,아이폰 17pro max 17프로맥스 일괄 개별,2000,판매중,,https://media.bunjang.co.kr/product/378505031_1_1771640271_w{res}.jpg,https://m.bunjang.co.kr/products/378505031,2026-05-03 19:41,아이폰 17 프로 맥스
아이폰 17 프로 맥스,아이폰 17 프로 맥스,번개장터,404271136,케이스티파이 아이폰 17 프로맥스 케이스 새상품,65000,예약중,,https://media.bunjang.co.kr/product/404271136_1_1777250168_w{res}.jpg,https://m.bunjang.co.kr/products/404271136,2026-05-03 18:47,아이폰 17 프로 맥스
아이폰 17 프로 맥스,아이폰 17 프로 맥스,번개장터,402956513,아이폰 17프로맥스 베이프 폰케이스 판매합니다,58000,판매중,,https://media.bunjang.co.kr/product/402956513_1_1777431783_w{res}.jpg,https://m.bunjang.co.kr/products/402956513,2026-05-03 13:36,아이폰 17 프로 맥스
아이폰 17 프로 맥스,아이폰 17 프로 맥스,번개장터,394601555,[아이폰 17프로맥스] 어반소피스티케이션 엔드리스 스카이 25S,96000,판매중,,https://media.bunjang.co.kr/product/394601555_1_1773230338_w{res}.jpg,https://m.bunjang.co.kr/products/394601555,2026-05-03 12:32,아이폰 17 프로 맥스
아이폰 17 프로 맥스,아이폰 17 프로 맥스,번개장터,390419515,[아이폰 17프로맥스] 어반소피스키케이션 헬로키티,139000,판매중,,https://media.bunjang.co.kr/product/390419515_1_1775109956_w{res}.jpg,https://m.bunjang.co.kr/products/390419515,2026-05-03 12:32,아이폰 17 프로 맥스
아이폰 17 프로 맥스,아이폰 17 프로 맥스,번개장터,382702309,아이폰17 프로맥스 케이스티파이 쿼카 케이스,35000,판매중,,https://media.bunjang.co.kr/product/382702309_1_1777512073_w{res}.jpg,https://m.bunjang.co.kr/products/382702309,2026-05-03 11:49,아이폰 17 프로 맥스
아이폰 17 프로 맥스,아이폰 17 프로 맥스,번개장터,394350555,아이폰17 프로맥스 정품 실리콘케이스 미드나잇색상,50000,판매중,,https://media.bunjang.co.kr/product/394350555_1_1773121645_w{res}.jpg,https://m.bunjang.co.kr/products/394350555,2026-05-03 10:02,아이폰 17 프로 맥스
아이폰 17 프로 맥스,아이폰 17 프로 맥스,번개장터,393121564,케이스티파이 아이폰 17프로맥스 오아시스 미개봉,77000,판매중,,https://media.bunjang.co.kr/product/393121564_1_1777733879_w{res}.jpg,https://m.bunjang.co.kr/products/393121564,2026-05-02 23:58,아이폰 17 프로 맥스
아이폰 17 프로 맥스,아이폰 17 프로 맥스,번개장터,405375990,아이폰 17 Pro Max,1990000,판매중,,https://media.bunjang.co.kr/product/405375990_1_1777708341_w{res}.jpg,https://m.bunjang.co.kr/products/405375990,2026-05-02 16:52,아이폰 17 프로 맥스
아이폰 17 프로 맥스,아이폰 17 프로 맥스,번개장터,394614844,"아이폰 17프로맥스 용 테크우븐,실리콘,케이스티파이 케이스",15000,판매중,,https://media.bunjang.co.kr/product/394614844_1_1777425700_w{res}.jpg,https://m.bunjang.co.kr/products/394614844,2026-05-02 15:28,아이폰 17 프로 맥스
아이폰 17 프로 맥스,아이폰 17 프로 맥스,번개장터,386885378,아이폰17프로맥스 블랙 카메라 보호 휴대폰 케이스,15000,판매중,,https://media.bunjang.co.kr/product/386885378_1_1770121501_w{res}.jpg,https://m.bunjang.co.kr/products/386885378,2026-05-02 15:06,아이폰 17 프로 맥스
아이폰 17 프로 맥스,아이폰 17 프로 맥스,번개장터,385796217,새상품 아이폰16프로맥스 전색상보유 한정판매 핫딜가 #14#15#17,1190000,판매중,,https://media.bunjang.co.kr/product/385796217_1_1773825180_w{res}.jpg,https://m.bunjang.co.kr/products/385796217,2026-05-02 13:30,아이폰 17 프로 맥스
아이폰 17 프로 맥스,아이폰 17 프로 맥스,번개장터,385783183,새상품 아이폰15 전색상보유 한정판매 핫딜가 #14#16#17#프로#맥스,330000,판매중,,https://media.bunjang.co.kr/product/385783183_1_1773825028_w{res}.jpg,https://m.bunjang.co.kr/products/385783183,2026-05-02 13:01,아이폰 17 프로 맥스
아이폰 17 프로 맥스,아이폰 17 프로 맥스,번개장터,385804969,새상품 아이폰17프로맥스 전색상보유 한정판매 핫딜 #13#14#15#16,1340000,판매중,,https://media.bunjang.co.kr/product/385804969_1_1773825488_w{res}.jpg,https://m.bunjang.co.kr/products/385804969,2026-05-02 12:45,아이폰 17 프로 맥스
아이폰 17 프로 맥스,아이폰 17 프로 맥스,번개장터,394589277,[아이폰 17프로맥스] 어반소피스티케이션 오트 밀크 22S,72000,판매중,,https://media.bunjang.co.kr/product/394589277_1_1773227435_w{res}.jpg,https://m.bunjang.co.kr/products/394589277,2026-05-02 12:09,아이폰 17 프로 맥스
아이폰 17 프로 맥스,아이폰 17 프로 맥스,번개장터,394350397,아이폰17 프로맥스 정품 실리콘케이스 테라코타색상,50000,판매중,,https://media.bunjang.co.kr/product/394350397_1_1773121595_w{res}.jpg,https://m.bunjang.co.kr/products/394350397,2026-05-02 11:48,아이폰 17 프로 맥스
아이폰 17 프로 맥스,아이폰 17 프로 맥스,번개장터,391297947,알칸타라 아이폰17프로맥스 맥세이프 명품 케이스 새제품급(노박스),26000,판매중,,https://media.bunjang.co.kr/product/391297947_1_1777686254_w{res}.jpg,https://m.bunjang.co.kr/products/391297947,2026-05-02 10:47,아이폰 17 프로 맥스
아이폰 17 프로 맥스,아이폰 17 프로 맥스,번개장터,382113070,"[할인특가/미사용]아이폰17프로맥스 판매합니다+13,14,15,16시리즈",1250000,판매중,,https://media.bunjang.co.kr/product/382113070_1_1773812171_w{res}.jpg,https://m.bunjang.co.kr/products/382113070,2026-05-02 09:35,아이폰 17 프로 맥스
아이폰 17 프로 맥스,아이폰 17 프로 맥스,번개장터,382121442,"[할인특가/미사용]아이폰16프로맥스 판매합니다+13,14,15,17시리즈",1090000,판매중,,https://media.bunjang.co.kr/product/382121442_1_1773812129_w{res}.jpg,https://m.bunjang.co.kr/products/382121442,2026-05-02 08:55,아이폰 17 프로 맥스
아이폰 17 프로 맥스,아이폰 17 프로 맥스,번개장터,405282152,애플 아이폰 17프로맥스 오렌지 256,1800000,판매중,,https://media.bunjang.co.kr/product/405282152_1_1777669087_w{res}.jpg,https://m.bunjang.co.kr/products/405282152,2026-05-02 05:57,아이폰 17 프로 맥스
아이폰 17 프로 맥스,아이폰 17 프로 맥스,번개장터,394829519,케이스티파이 ZOA 아이폰 17프로 맥스 케이스,65000,판매중,,https://media.bunjang.co.kr/product/394829519_1_1777657891_w{res}.jpg,https://m.bunjang.co.kr/products/394829519,2026-05-02 02:51,아이폰 17 프로 맥스
아이폰 17 프로 맥스,아이폰 17 프로 맥스,번개장터,405188209,아이폰17프로맥스 256 실버,1830000,판매중,,https://media.bunjang.co.kr/product/405188209_1_1777959458_w{res}.jpg,https://m.bunjang.co.kr/products/405188209,2026-05-01 18:45,아이폰 17 프로 맥스
아이폰 17 프로 맥스,아이폰 17 프로 맥스,번개장터,402123443,(택포) 아이폰 17프로 맥스 케이스티파이 리플케이스 블랙,58000,판매중,,https://media.bunjang.co.kr/product/402123443_1_1776723741_w{res}.jpg,https://m.bunjang.co.kr/products/402123443,2026-05-01 18:33,아이폰 17 프로 맥스
아이폰 17 프로 맥스,아이폰 17 프로 맥스,번개장터,385378183,"(새제품,아이폰17프로맥스)단독할인 특별혜택13/14/15/16/재고정리",1290000,판매중,,https://media.bunjang.co.kr/product/385378183_1_1773827920_w{res}.jpg,https://m.bunjang.co.kr/products/385378183,2026-05-01 16:50,아이폰 17 프로 맥스
아이폰 17 프로 맥스,아이폰 17 프로 맥스,번개장터,385361345,"(새제품,아이폰16프로맥스)단독할인 특별혜택 14/15/17/재고정리",1140000,판매중,,https://media.bunjang.co.kr/product/385361345_1_1773822469_w{res}.jpg,https://m.bunjang.co.kr/products/385361345,2026-05-01 16:35,아이폰 17 프로 맥스
아이폰 17 프로 맥스,아이폰 17 프로 맥스,번개장터,397918968,아이폰 17 Pro Max -가죽 케이스,28500,판매중,,https://media.bunjang.co.kr/product/397918968_1_1774689748_w{res}.jpg,https://m.bunjang.co.kr/products/397918968,2026-05-01 12:54,아이폰 17 프로 맥스
아이폰 17 프로 맥스,아이폰 17 프로 맥스,번개장터,405099052,와일드플라워 아이폰 17프로맥스 케이스 (새상품),55000,판매중,,https://media.bunjang.co.kr/product/405099052_1_1777599889_w{res}.jpg,https://m.bunjang.co.kr/products/405099052,2026-05-01 10:44,아이폰 17 프로 맥스
아이폰 17 프로 맥스,아이폰 17 프로 맥스,번개장터,405085310,아이폰17프로맥스 케이스(미피 케이스),5000,판매중,,https://media.bunjang.co.kr/product/405085310_1_1777591065_w{res}.jpg,https://m.bunjang.co.kr/products/405085310,2026-05-01 08:17,아이폰 17 프로 맥스
아이폰 17 프로 맥스,아이폰 17 프로 맥스,번개장터,405001731,아이폰 17 프로맥스 케이스,7000,판매중,,https://media.bunjang.co.kr/product/405001731_1_1777545547_w{res}.jpg,https://m.bunjang.co.kr/products/405001731,2026-04-30 19:39,아이폰 17 프로 맥스
아이폰 17 프로 맥스,아이폰 17 프로 맥스,번개장터,404989003,"아이폰17프로 256 딥블루->아이폰16프로,프로맥스 교환",999999999,판매중,,https://media.bunjang.co.kr/product/404989003_1_1777541329_w{res}.jpg,https://m.bunjang.co.kr/products/404989003,2026-04-30 18:28,아이폰 17 프로 맥스
아이폰 17 프로 맥스,아이폰 17 프로 맥스,번개장터,401421803,[아이폰 17프로맥스] 어반소피스티케이션 미러 푸퍼케이스 43S,96000,판매중,,https://media.bunjang.co.kr/product/401421803_1_1776088853_w{res}.jpg,https://m.bunjang.co.kr/products/401421803,2026-04-30 16:02,아이폰 17 프로 맥스
아이폰 17 프로 맥스,아이폰 17 프로 맥스,번개장터,390418878,[아이폰 17프로맥스] 어반소피스키케이션 헬로키티 스터즈9,170000,판매중,,https://media.bunjang.co.kr/product/390418878_1_1777605096_w{res}.jpg,https://m.bunjang.co.kr/products/390418878,2026-04-30 16:02,아이폰 17 프로 맥스
아이폰 17 프로 맥스,아이폰 17 프로 맥스,번개장터,396465421,아이폰17 아이폰17air 아이폰17프로 17프로맥스 맥세이프케이스,13200,판매중,,https://media.bunjang.co.kr/product/396465421_1_1774067859_w{res}.jpg,https://m.bunjang.co.kr/products/396465421,2026-04-30 13:32,아이폰 17 프로 맥스
아이폰 17 프로 맥스,아이폰 17 프로 맥스,번개장터,396949454,아이폰 17프로맥스 네이비 256 배터리 100,1750000,판매중,,https://media.bunjang.co.kr/product/396949454_1_1777549678_w{res}.jpg,https://m.bunjang.co.kr/products/396949454,2026-04-30 09:45,아이폰 17 프로 맥스
아이폰 17 프로 맥스,아이폰 17 프로 맥스,번개장터,399918156,[아이폰 17프로맥스] 어반소피스티케이션 크롬 42A,64000,판매중,,https://media.bunjang.co.kr/product/399918156_1_1776085608_w{res}.jpg,https://m.bunjang.co.kr/products/399918156,2026-04-29 20:11,아이폰 17 프로 맥스
아이폰 17 프로 맥스,아이폰 17 프로 맥스,번개장터,367245645,"[경기~서울/타지역O]아이폰17프로, 아이폰17프로맥스 등 비싸게 구입",1690000,판매중,,https://media.bunjang.co.kr/product/367245645_1_1773622169_w{res}.jpg,https://m.bunjang.co.kr/products/367245645,2026-04-29 14:55,아이폰 17 프로 맥스
아이폰 17 프로 맥스,아이폰 17 프로 맥스,번개장터,396665166,아이폰17 시리즈(17프로 17프로맥스 등) 최고가 매입,1690000,판매중,,https://media.bunjang.co.kr/product/396665166_1_1774970352_w{res}.jpg,https://m.bunjang.co.kr/products/396665166,2026-04-29 14:55,아이폰 17 프로 맥스
아이폰 17 프로 맥스,아이폰 17 프로 맥스,번개장터,404670377,CASETIFY 메종키츠네 아이폰17 프로 맥스,90000,판매중,,https://media.bunjang.co.kr/product/404670377_1_1777419833_w{res}.jpg,https://m.bunjang.co.kr/products/404670377,2026-04-29 08:43,아이폰 17 프로 맥스
아이폰 17 프로 맥스,아이폰 17 프로 맥스,번개장터,391619152,아이폰 17 프로맥스 정품 클리어(맥세이프) 케이스 풀박스,18000,판매중,,https://media.bunjang.co.kr/product/391619152_1_1775171295_w{res}.jpg,https://m.bunjang.co.kr/products/391619152,2026-04-28 21:01,아이폰 17 프로 맥스
아이폰 17 프로 맥스,아이폰 17 프로 맥스,번개장터,404592340,아이폰 17프로맥스 512기가 사기꾼 조심,1234,판매중,,https://media.bunjang.co.kr/product/404592340_1_1777376308_w{res}.jpg,https://m.bunjang.co.kr/products/404592340,2026-04-28 20:38,아이폰 17 프로 맥스
아이폰 17 프로 맥스,아이폰 17 프로 맥스,번개장터,404478587,아이폰 17프로 -> 아이폰 17프로맥스,123456,판매중,,https://media.bunjang.co.kr/product/404478587_1_1777339416_w{res}.jpg,https://m.bunjang.co.kr/products/404478587,2026-04-28 10:23,아이폰 17 프로 맥스
아이폰 17 프로 맥스,아이폰 17 프로 맥스,번개장터,404430779,폴드 7 -> 아이폰 17 pro or pro max,101100000,판매중,,https://media.bunjang.co.kr/product/404430779_1_1777303423_w{res}.jpg,https://m.bunjang.co.kr/products/404430779,2026-04-28 00:23,아이폰 17 프로 맥스
아이폰 17 프로 맥스,아이폰 17 프로 맥스,번개장터,394337368,아이폰 17 프로 max,900000,판매중,,https://media.bunjang.co.kr/product/394337368_1_1773116857_w{res}.jpg,https://m.bunjang.co.kr/products/394337368,2026-04-27 23:36,아이폰 17 프로 맥스
아이폰 17 프로 맥스,아이폰 17 프로 맥스,번개장터,404421374,케이스티파이 아이폰 17promax 17프로맥스 발렌타인,100000,판매중,,https://media.bunjang.co.kr/product/404421374_1_1778124569_w{res}.jpg,https://m.bunjang.co.kr/products/404421374,2026-04-27 23:27,아이폰 17 프로 맥스
아이폰 17 프로 맥스,아이폰 17 프로 맥스,번개장터,404418003,케이스티파이 아이폰 17promax 17프로맥스,40000,판매중,,https://media.bunjang.co.kr/product/404418003_1_1777641898_w{res}.jpg,https://m.bunjang.co.kr/products/404418003,2026-04-27 23:09,아이폰 17 프로 맥스
아이폰 17 프로 맥스,아이폰 17 프로 맥스,번개장터,404415160,케이스티파이 아이폰 17promax 17프로맥스,65000,판매중,,https://media.bunjang.co.kr/product/404415160_1_1777902382_w{res}.jpg,https://m.bunjang.co.kr/products/404415160,2026-04-27 22:54,아이폰 17 프로 맥스
아이폰 17 프로 맥스,아이폰 17 프로 맥스,번개장터,386885711,링케 가죽 다이어리 케이스 블랙 아이폰17프로맥스,10500,판매중,,https://media.bunjang.co.kr/product/386885711_1_1770121365_w{res}.jpg,https://m.bunjang.co.kr/products/386885711,2026-04-27 22:03,아이폰 17 프로 맥스
아이폰 17 프로 맥스,아이폰 17 프로 맥스,번개장터,404373288,아이폰17프로 맥스,2000000,판매중,,https://media.bunjang.co.kr/product/404373288_1_1777285401_w{res}.jpg,https://m.bunjang.co.kr/products/404373288,2026-04-27 19:23,아이폰 17 프로 맥스
아이폰 17 프로 맥스,아이폰 17 프로 맥스,번개장터,404359953,"아이폰16프로 -> 아이폰17프로,맥스 교환 추가금 드려요",123456789,판매중,,https://media.bunjang.co.kr/product/404359953_1_1777281082_w{res}.jpg,https://m.bunjang.co.kr/products/404359953,2026-04-27 18:11,아이폰 17 프로 맥스
아이폰 17 프로 맥스,아이폰 17 프로 맥스,번개장터,402868040,아이폰 17프로맥스 맥세이프 케이스,3000,판매중,,https://media.bunjang.co.kr/product/402868040_1_1776662709_w{res}.jpg,https://m.bunjang.co.kr/products/402868040,2026-04-27 12:39,아이폰 17 프로 맥스
아이폰 17 프로 맥스,아이폰 17 프로 맥스,번개장터,404289917,아이폰 17 프로 맥스 카메라 보호필름 팔아요,2000,판매중,,https://media.bunjang.co.kr/product/404289917_1_1777258864_w{res}.jpg,https://m.bunjang.co.kr/products/404289917,2026-04-27 12:01,아이폰 17 프로 맥스
아이폰 17 프로 맥스,아이폰 17 프로 맥스,번개장터,404266855,"아이폰 17 프로맥스256g 전화가 불가능하며, 가격 네고는 받지 않습니",960000,판매중,,https://media.bunjang.co.kr/product/404266855_1_1777247186_w{res}.jpg,https://m.bunjang.co.kr/products/404266855,2026-04-27 08:46,아이폰 17 프로 맥스
아이폰 17 프로 맥스,아이폰 17 프로 맥스,번개장터,404045746,아이폰 17프로맥스 케이스 판매합니다,9999,판매중,,https://media.bunjang.co.kr/product/404045746_1_1777246160_w{res}.jpg,https://m.bunjang.co.kr/products/404045746,2026-04-27 08:30,아이폰 17 프로 맥스
아이폰 17 프로 맥스,아이폰 17 프로 맥스,번개장터,381029039,애플 아이폰17 Pro Max 정품 투명 케이스,30000,판매중,,https://media.bunjang.co.kr/product/381029039_1_1772013056_w{res}.jpg,https://m.bunjang.co.kr/products/381029039,2026-04-26 20:58,아이폰 17 프로 맥스
아이폰 17 프로 맥스,아이폰 17 프로 맥스,번개장터,393092724,어프어프 아이폰17프로맥스 에폭시 맥세이프 케이스 새제품급(노박스),16000,판매중,,https://media.bunjang.co.kr/product/393092724_1_1777190715_w{res}.jpg,https://m.bunjang.co.kr/products/393092724,2026-04-26 17:05,아이폰 17 프로 맥스
아이폰 17 프로 맥스,아이폰 17 프로 맥스,번개장터,404042864,아이폰17 프로 맥스 케이스 팔아요,8000,판매중,,https://media.bunjang.co.kr/product/404042864_1_1777246101_w{res}.jpg,https://m.bunjang.co.kr/products/404042864,2026-04-26 09:37,아이폰 17 프로 맥스
아이폰 17 프로 맥스,아이폰 17 프로 맥스,번개장터,404042147,아이폰17 프로 맥스 케이스 팔아요,9999,판매중,,https://media.bunjang.co.kr/product/404042147_1_1777246113_w{res}.jpg,https://m.bunjang.co.kr/products/404042147,2026-04-26 09:31,아이폰 17 프로 맥스
아이폰 17 프로 맥스,아이폰 17 프로 맥스,번개장터,404041912,아이폰17 프로 맥스 케이스 팔아요,9999,판매중,,https://media.bunjang.co.kr/product/404041912_1_1777246133_w{res}.jpg,https://m.bunjang.co.kr/products/404041912,2026-04-26 09:29,아이폰 17 프로 맥스
아이폰 17 프로 맥스,아이폰 17 프로 맥스,번개장터,404041505,아이폰17 프로 맥스 케이스 팔아요,9999,판매중,,https://media.bunjang.co.kr/product/404041505_1_1777246143_w{res}.jpg,https://m.bunjang.co.kr/products/404041505,2026-04-26 09:25,아이폰 17 프로 맥스
아이폰 17 프로 맥스,아이폰 17 프로 맥스,번개장터,394839847,[정품] 아이폰 17프로맥스맥세이프케이스 (카메라 컨트롤 지원),35000,판매중,,https://media.bunjang.co.kr/product/394839847_1_1774189923_w{res}.jpg,https://m.bunjang.co.kr/products/394839847,2026-04-26 07:53,아이폰 17 프로 맥스
아이폰 17 프로 맥스,아이폰 17 프로 맥스,번개장터,403980053,"아이폰 16프로맥스 화이트 로 17프로, 프로맥스 교환",11343,판매중,,https://media.bunjang.co.kr/product/403980053_1_1777126937_w{res}.jpg,https://m.bunjang.co.kr/products/403980053,2026-04-25 23:22,아이폰 17 프로 맥스
아이폰 17 프로 맥스,아이폰 17 프로 맥스,번개장터,403863440,애플 아이폰 17프로맥스 256GB 실버/에어팟4 노캔 포함.,2000000,판매중,,https://media.bunjang.co.kr/product/403863440_1_1777115750_w{res}.jpg,https://m.bunjang.co.kr/products/403863440,2026-04-25 20:01,아이폰 17 프로 맥스
아이폰 17 프로 맥스,아이폰 17 프로 맥스,번개장터,377418171,애플 아이폰17 Pro Max 정품 클리어 케이스,62000,판매중,,https://media.bunjang.co.kr/product/377418171_1_1766293000_w{res}.jpg,https://m.bunjang.co.kr/products/377418171,2026-04-25 18:58,아이폰 17 프로 맥스
아이폰 17 프로 맥스,아이폰 17 프로 맥스,번개장터,403924896,아이폰 17 프로맥스 512GB,1550000,예약중,,https://media.bunjang.co.kr/product/403924896_1_1777110422_w{res}.jpg,https://m.bunjang.co.kr/products/403924896,2026-04-25 18:46,아이폰 17 프로 맥스
아이폰 17 프로 맥스,아이폰 17 프로 맥스,번개장터,389869464,심플리로어 원본기기색상 아이폰17프로맥스 합금프레임 케이스 새제품 노박스,16000,판매중,,https://media.bunjang.co.kr/product/389869464_1_1777090532_w{res}.jpg,https://m.bunjang.co.kr/products/389869464,2026-04-25 13:15,아이폰 17 프로 맥스
아이폰 17 프로 맥스,아이폰 17 프로 맥스,번개장터,391423239,아이폰 15프로맥스 -> 17프로/17프로 맥스 교환구합니다,250000,판매중,,https://media.bunjang.co.kr/product/391423239_1_1771942405_w{res}.jpg,https://m.bunjang.co.kr/products/391423239,2026-04-25 09:25,아이폰 17 프로 맥스
아이폰 17 프로 맥스,아이폰 17 프로 맥스,번개장터,403730877,아이폰 17프로맥스 256,1920000,예약중,,https://media.bunjang.co.kr/product/403730877_1_1777030633_w{res}.jpg,https://m.bunjang.co.kr/products/403730877,2026-04-24 20:37,아이폰 17 프로 맥스
아이폰 17 프로 맥스,아이폰 17 프로 맥스,번개장터,399915316,[아이폰 17프로맥스] 어반소피스티케이션 크롬 푸퍼케이스 41A,93000,판매중,,https://media.bunjang.co.kr/product/399915316_1_1776088835_w{res}.jpg,https://m.bunjang.co.kr/products/399915316,2026-04-24 18:42,아이폰 17 프로 맥스
아이폰 17 프로 맥스,아이폰 17 프로 맥스,번개장터,400041238,케이스티파이 아이폰 17 프로 맥스 케이스 MCM,135000,판매중,,https://media.bunjang.co.kr/product/400041238_1_1775549247_w{res}.jpg,https://m.bunjang.co.kr/products/400041238,2026-04-24 16:17,아이폰 17 프로 맥스
아이폰 17 프로 맥스,아이폰 17 프로 맥스,번개장터,357156904,아이폰17프로256 맥스자급제 미개봉,2020000,판매중,,https://media.bunjang.co.kr/product/357156904_1_1776829316_w{res}.jpg,https://m.bunjang.co.kr/products/357156904,2026-04-24 15:49,아이폰 17 프로 맥스
아이폰 17 프로 맥스,아이폰 17 프로 맥스,번개장터,365451366,아이폰17 Pro Max MagSafe [정품] 투명 케이스[미개봉],42000,판매중,,https://media.bunjang.co.kr/product/365451366_1_1777008216_w{res}.jpg,https://m.bunjang.co.kr/products/365451366,2026-04-24 14:23,아이폰 17 프로 맥스
아이폰 17 프로 맥스,아이폰 17 프로 맥스,번개장터,403637152,아이폰17프로맥스 1테라 + 애케플,2150000,예약중,,https://media.bunjang.co.kr/product/403637152_1_1777002603_w{res}.jpg,https://m.bunjang.co.kr/products/403637152,2026-04-24 12:36,아이폰 17 프로 맥스
아이폰 17 프로 맥스,아이폰 17 프로 맥스,번개장터,369111393,아이폰17프로맥스 케이스,20000,판매중,,https://media.bunjang.co.kr/product/369111393_1_1763544309_w{res}.jpg,https://m.bunjang.co.kr/products/369111393,2026-04-24 11:29,아이폰 17 프로 맥스
아이폰 17 프로 맥스,아이폰 17 프로 맥스,중고나라,228235827,아이폰 17 프로맥스 256gb,1590000,판매중,,https://img2.joongna.com/media/original/2026/05/04/1777876807286Twq_EEJYq.jpg?impolicy=thumb&size=150,https://web.joongna.com/product/228235827,2026-05-08 10:22,아이폰 17 프로 맥스
아이폰 17 프로 맥스,아이폰 17 프로 맥스,중고나라,228305651,아이폰 17 프로맥스 512 판매합니다,1700000,판매중,,https://img2.joongna.com/media/original/2026/05/06/1778046379292scb_8JTFS.jpg?impolicy=thumb&size=150,https://web.joongna.com/product/228305651,2026-05-08 09:45,아이폰 17 프로 맥스
아이폰 17 프로 맥스,아이폰 17 프로 맥스,중고나라,228349991,아이폰 17 프로맥스 화이트(실버) 512GB,1730000,판매중,,https://img2.joongna.com/media/original/2026/05/07/17781452586312Y5_VhDQB.jpg?impolicy=thumb&size=150,https://web.joongna.com/product/228349991,2026-05-08 09:20,아이폰 17 프로 맥스
아이폰 17 프로 맥스,아이폰 17 프로 맥스,중고나라,225444718,아이폰17 프로맥스 1테라 미개봉 자급제,2590000,판매중,,https://img2.joongna.com/media/original/2026/02/20/1771556698723fsf_GL3Zk.jpg?impolicy=thumb&size=150,https://web.joongna.com/product/225444718,2026-05-08 08:49,아이폰 17 프로 맥스
아이폰 17 프로 맥스,아이폰 17 프로 맥스,중고나라,228243482,아이폰17프로맥스 케이스티파이 메종키츠네,85000,판매중,,https://img2.joongna.com/media/original/2026/05/04/1777889123300yPa_3VcnD.jpg?impolicy=thumb&size=150,https://web.joongna.com/product/228243482,2026-05-08 01:53,아이폰 17 프로 맥스
아이폰 17 프로 맥스,아이폰 17 프로 맥스,중고나라,228166251,(구매합니다) 아이폰17 프로 프로맥스 미개봉 자급제 매입 256 512 1TB,1650000,판매중,,https://img2.joongna.com/media/original/2026/05/02/1777701407808ssu_HehoR.jpg?impolicy=thumb&size=150,https://web.joongna.com/product/228166251,2026-05-08 00:42,아이폰 17 프로 맥스
아이폰 17 프로 맥스,아이폰 17 프로 맥스,중고나라,228326944,아이폰17프로맥스 512GB 실버(미개봉),1670000,판매중,,https://img2.joongna.com/media/original/2026/05/07/1778084955751rlp_rxfzi.jpg?impolicy=thumb&size=150,https://web.joongna.com/product/228326944,2026-05-08 00:16,아이폰 17 프로 맥스
아이폰 17 프로 맥스,아이폰 17 프로 맥스,중고나라,228358178,아이폰 17프로 17에어 17프로맥스 급처사요,1000000,판매중,,https://img2.joongna.com/media/original/2026/05/07/1778159617564Zdd_YEcxk.jpg?impolicy=thumb&size=150,https://web.joongna.com/product/228358178,2026-05-07 22:13,아이폰 17 프로 맥스
아이폰 17 프로 맥스,아이폰 17 프로 맥스,중고나라,228316073,(구매합니다) 아이폰17 프로 프로맥스 미개봉 자급제 매입 256 512 1TB,1650000,판매중,,https://img2.joongna.com/media/original/2026/05/06/1778063068190bXX_BTcde.jpg?impolicy=thumb&size=150,https://web.joongna.com/product/228316073,2026-05-07 21:04,아이폰 17 프로 맥스
아이폰 17 프로 맥스,아이폰 17 프로 맥스,중고나라,228353956,[미개봉] 아이폰 17 프로 맥스 2TB 딥 블루 자급제,3000000,거래완료,,https://img2.joongna.com/media/original/2026/05/07/17781522499971UL_OmZhD.jpg?impolicy=thumb&size=150,https://web.joongna.com/product/228353956,2026-05-07 20:10,아이폰 17 프로 맥스
아이폰 17 프로 맥스,아이폰 17 프로 맥스,중고나라,228348860,(미개봉) 아이폰17 프로 프로맥스 자급제,1750000,판매중,,https://img2.joongna.com/media/original/2026/05/07/1778143358498tHU_n6XCa.jpg?impolicy=thumb&size=150,https://web.joongna.com/product/228348860,2026-05-07 19:09,아이폰 17 프로 맥스
아이폰 17 프로 맥스,아이폰 17 프로 맥스,중고나라,227615982,아이폰17프로맥스 256GB 자급제 딥블루 팝니다.,1830000,거래완료,,https://img2.joongna.com/media/original/2026/05/07/17781483738558wR_W9geL.jpg?impolicy=thumb&size=150,https://web.joongna.com/product/227615982,2026-05-07 19:06,아이폰 17 프로 맥스
아이폰 17 프로 맥스,아이폰 17 프로 맥스,중고나라,228145297,(구매합니다) 아이폰17 프로 프로맥스 미개봉 자급제 매입 256 512 1TB,1650000,판매중,,https://img2.joongna.com/media/original/2026/05/01/1777637832994sR0_6WtlL.jpg?impolicy=thumb&size=150,https://web.joongna.com/product/228145297,2026-05-07 18:18,아이폰 17 프로 맥스
아이폰 17 프로 맥스,아이폰 17 프로 맥스,중고나라,227920447,5월15일 발송 아이폰 17 프로맥스 256 자급제,1700000,판매중,,https://img2.joongna.com/media/original/2026/04/25/1777111416047pCm_ExvTu.jpg?impolicy=thumb&size=150,https://web.joongna.com/product/227920447,2026-05-07 15:39,아이폰 17 프로 맥스
아이폰 17 프로 맥스,아이폰 17 프로 맥스,중고나라,228343331,"아이폰 16,17,에어 프로,프로맥스 정품 클리어케이스",33000,판매중,,https://img2.joongna.com/media/original/2026/05/07/1778134458182vaC_cEzrp.jpg?impolicy=thumb&size=150,https://web.joongna.com/product/228343331,2026-05-07 15:14,아이폰 17 프로 맥스
아이폰 17 프로 맥스,아이폰 17 프로 맥스,중고나라,228340487,아이폰 17프로맥스 자급제,1850000,예약중,,https://img2.joongna.com/media/original/2026/05/07/1778130021086HoU_KslST.jpg?impolicy=thumb&size=150,https://web.joongna.com/product/228340487,2026-05-07 14:00,아이폰 17 프로 맥스
아이폰 17 프로 맥스,아이폰 17 프로 맥스,중고나라,228337141,아이폰 17 Pro Max 256GB 실버,1580000,판매중,,https://img2.joongna.com/media/original/2026/05/07/1778124341587Unf_TKrRx.jpg?impolicy=thumb&size=150,https://web.joongna.com/product/228337141,2026-05-07 12:25,아이폰 17 프로 맥스
아이폰 17 프로 맥스,아이폰 17 프로 맥스,중고나라,228173142,(구매합니다) 아이폰17 프로 프로맥스 미개봉 자급제 매입 256 512 1TB,1650000,판매중,,https://img2.joongna.com/media/original/2026/05/02/1777713699758ERO_sVZJ3.jpg?impolicy=thumb&size=150,https://web.joongna.com/product/228173142,2026-05-07 12:06,아이폰 17 프로 맥스
아이폰 17 프로 맥스,아이폰 17 프로 맥스,중고나라,228051647,((삽니다)) 아이폰 17 일반_프로_프로맥스 자급제 미개봉&단순개봉구매,2000000,판매중,,https://img2.joongna.com/media/original/2026/04/29/1777430150365Nld_bt4eM.jpg?impolicy=thumb&size=150,https://web.joongna.com/product/228051647,2026-05-07 12:41,아이폰 17 프로 맥스
아이폰 17 프로 맥스,아이폰 17 프로 맥스,중고나라,228051874,((삽니다)) 아이폰 17 일반_프로_프로맥스 자급제 미개봉&단순개봉 구매,2000000,판매중,,https://img2.joongna.com/media/original/2026/04/29/1777430505092BNm_2dNZw.jpg?impolicy=thumb&size=150,https://web.joongna.com/product/228051874,2026-05-07 12:41,아이폰 17 프로 맥스
아이폰 17 프로 맥스,아이폰 17 프로 맥스,중고나라,228218563,비싸게삽니다! 아이폰17프로 17프로맥스 미개봉구매,1700000,판매중,,https://img2.joongna.com/media/original/2026/05/04/1777827752248UWg_tAiGC.jpg?impolicy=thumb&size=150,https://web.joongna.com/product/228218563,2026-05-07 10:34,아이폰 17 프로 맥스
아이폰 17 프로 맥스,아이폰 17 프로 맥스,중고나라,228218577,삽니다!! 아이폰17프로 17프로맥스 미개봉 단순개봉구매,1700000,판매중,,https://img2.joongna.com/media/original/2026/05/04/1777827828179Rcn_aZ1Ek.jpg?impolicy=thumb&size=150,https://web.joongna.com/product/228218577,2026-05-07 10:34,아이폰 17 프로 맥스
아이폰 17 프로 맥스,아이폰 17 프로 맥스,중고나라,228333046,아이폰17프로맥스 256기가,1880000,예약중,,https://img2.joongna.com/media/original/2026/05/07/17781172159532py_eOA5g.jpg?impolicy=thumb&size=150,https://web.joongna.com/product/228333046,2026-05-07 10:26,아이폰 17 프로 맥스
아이폰 17 프로 맥스,아이폰 17 프로 맥스,중고나라,227849375,(삽니다)아이폰 17프로 프로맥스 미개봉 자급제,1700000,판매중,,https://img2.joongna.com/media/original/2026/04/23/1776941057093Use_s1gY7.jpg?impolicy=thumb&size=150,https://web.joongna.com/product/227849375,2026-05-07 10:06,아이폰 17 프로 맥스
아이폰 17 프로 맥스,아이폰 17 프로 맥스,중고나라,228329048,애플 정품 투명 케이스 아이폰 17 pro max,30000,판매중,,https://img2.joongna.com/media/original/2026/05/07/1778106297470e7I_n9ZH7.jpg?impolicy=thumb&size=150,https://web.joongna.com/product/228329048,2026-05-07 07:24,아이폰 17 프로 맥스
아이폰 17 프로 맥스,아이폰 17 프로 맥스,중고나라,228328985,아크펄스 실버 아이폰 17 pro max,100000,판매중,,https://img2.joongna.com/media/original/2026/05/07/1778105909161vvW_dCwek.jpg?impolicy=thumb&size=150,https://web.joongna.com/product/228328985,2026-05-07 07:18,아이폰 17 프로 맥스
아이폰 17 프로 맥스,아이폰 17 프로 맥스,중고나라,227790393,미닛뮤트 실버 아이폰 케이스 쉘핑크 17 pro max 17 프로맥스,60000,판매중,,https://img2.joongna.com/media/original/2026/04/22/1776823143790fIH_0Bu6A.jpg?impolicy=thumb&size=150,https://web.joongna.com/product/227790393,2026-05-06 23:10,아이폰 17 프로 맥스
아이폰 17 프로 맥스,아이폰 17 프로 맥스,중고나라,228107557,17 pro max 미닛뮤트 실버 아이폰 케이스 버터 17 프로맥스,60000,판매중,,https://img2.joongna.com/media/original/2026/04/30/1777548182852yF4_7ghAy.jpg?impolicy=thumb&size=150,https://web.joongna.com/product/228107557,2026-05-06 23:10,아이폰 17 프로 맥스
아이폰 17 프로 맥스,아이폰 17 프로 맥스,중고나라,228107601,미닛뮤트 실버 아이폰 케이스 레오파드 17 pro max 17 프로맥스,60000,판매중,,https://img2.joongna.com/media/original/2026/04/30/1777548253678ylN_rxoKw.jpg?impolicy=thumb&size=150,https://web.joongna.com/product/228107601,2026-05-06 23:10,아이폰 17 프로 맥스
아이폰 17 프로 맥스,아이폰 17 프로 맥스,중고나라,227525191,"아이폰 16,17,에어 프로,프로맥스 정품 클리어케이스",33000,거래완료,,https://img2.joongna.com/media/original/2026/04/15/1776215442339XVp_8bm5e.jpg?impolicy=thumb&size=150,https://web.joongna.com/product/227525191,2026-05-06 20:29,아이폰 17 프로 맥스
아이폰 17 프로 맥스,아이폰 17 프로 맥스,중고나라,227810849,아이폰17 프로맥스 UAG케이스 판매합니다,30000,판매중,,https://img2.joongna.com/media/original/2026/04/22/1776854307079AxV_keRy3.jpg?impolicy=thumb&size=150,https://web.joongna.com/product/227810849,2026-05-06 18:50,아이폰 17 프로 맥스
아이폰 17 프로 맥스,아이폰 17 프로 맥스,중고나라,227810808,아이폰17 프로맥스 테크우븐 케이스,50000,예약중,,https://img2.joongna.com/media/original/2026/04/22/1776854236846xF5_VenMX.jpg?impolicy=thumb&size=150,https://web.joongna.com/product/227810808,2026-05-06 18:49,아이폰 17 프로 맥스
아이폰 17 프로 맥스,아이폰 17 프로 맥스,중고나라,228311079,아이폰17 프로맥스 512GB 실버 풀박스,1000000,판매중,,https://img2.joongna.com/media/original/2026/05/06/1778054898591m31_8oNym.jpg?impolicy=thumb&size=150,https://web.joongna.com/product/228311079,2026-05-06 17:08,아이폰 17 프로 맥스
아이폰 17 프로 맥스,아이폰 17 프로 맥스,중고나라,228310218,애플 아이폰 17 Pro Max 실버 1TB 팝니다,1600000,판매중,,https://img2.joongna.com/media/original/2026/05/06/1778053643668BIQ_o9YL9.jpg?impolicy=thumb&size=150,https://web.joongna.com/product/228310218,2026-05-06 16:47,아이폰 17 프로 맥스
아이폰 17 프로 맥스,아이폰 17 프로 맥스,중고나라,228310135,아이폰 17프로 맥스,1720000,거래완료,,https://img2.joongna.com/media/original/2026/05/06/17780535050817nn_1JCwg.jpg?impolicy=thumb&size=150,https://web.joongna.com/product/228310135,2026-05-06 16:45,아이폰 17 프로 맥스
아이폰 17 프로 맥스,아이폰 17 프로 맥스,중고나라,227769604,(미개봉 새상품) 아이폰17프로맥스 케이스티파이 리플케이스 페리윙클,65000,판매중,,https://img2.joongna.com/media/original/2026/04/21/1776773346856Rg9_Lt4dn.jpg?impolicy=thumb&size=150,https://web.joongna.com/product/227769604,2026-05-06 15:12,아이폰 17 프로 맥스
아이폰 17 프로 맥스,아이폰 17 프로 맥스,중고나라,228308006,아이폰 17 프로 맥스 512GB 실버,1900000,거래완료,,https://img2.joongna.com/media/original/2026/05/06/1778050102001gnJ_sGskS.jpg?impolicy=thumb&size=150,https://web.joongna.com/product/228308006,2026-05-06 15:48,아이폰 17 프로 맥스
아이폰 17 프로 맥스,아이폰 17 프로 맥스,중고나라,226300274,아이폰 17 프로 맥스 케이스티파이 임팩트 & 컴팩트 케이스 판매합니다,25000,판매중,,https://img2.joongna.com/media/original/2026/03/14/1773482380982uMz_UDwY8.jpg?impolicy=thumb&size=150,https://web.joongna.com/product/226300274,2026-05-06 13:15,아이폰 17 프로 맥스
아이폰 17 프로 맥스,아이폰 17 프로 맥스,중고나라,228301320,아이폰17프로맥스 알로이케이스팝니다.,60000,판매중,,https://img2.joongna.com/media/original/2026/05/06/1778039448332uBL_n0gSu.jpg?impolicy=thumb&size=150,https://web.joongna.com/product/228301320,2026-05-06 12:50,아이폰 17 프로 맥스
아이폰 17 프로 맥스,아이폰 17 프로 맥스,중고나라,228298272,(삽니다)PGYTECH RetroVa 아이폰 17프로맥스 삽니다,99999999,판매중,,https://img2.joongna.com/media/original/2026/05/06/17780342176401y7_Zwk5e.jpg?impolicy=thumb&size=150,https://web.joongna.com/product/228298272,2026-05-06 11:23,아이폰 17 프로 맥스
아이폰 17 프로 맥스,아이폰 17 프로 맥스,중고나라,228282851,아이폰 17 프로맥스 256gb,1990000,거래완료,,https://img2.joongna.com/media/original/2026/05/05/1777982259711l8O_7sIwP.jpg?impolicy=thumb&size=150,https://web.joongna.com/product/228282851,2026-05-05 20:57,아이폰 17 프로 맥스
아이폰 17 프로 맥스,아이폰 17 프로 맥스,중고나라,228282045,아이폰17프로맥스 256기가 실버 삽니다,1680000,판매중,,https://img2.joongna.com/media/original/2026/05/05/1777980998893U7O_z55ez.jpg?impolicy=thumb&size=150,https://web.joongna.com/product/228282045,2026-05-05 20:36,아이폰 17 프로 맥스
아이폰 17 프로 맥스,아이폰 17 프로 맥스,중고나라,227441725,아이폰17프로맥스 케이스&필름 팝니다,30000,판매중,,https://img2.joongna.com/media/original/2026/04/13/1776030147070zCa_FSgYQ.jpg?impolicy=thumb&size=150,https://web.joongna.com/product/227441725,2026-05-05 16:38,아이폰 17 프로 맥스
아이폰 17 프로 맥스,아이폰 17 프로 맥스,중고나라,228273337,아이폰17프로맥스 직거래 구매합니다,2050000,판매중,,https://img2.joongna.com/media/original/2026/05/05/1777966123837axz_TpAaP.jpg?impolicy=thumb&size=150,https://web.joongna.com/product/228273337,2026-05-05 16:28,아이폰 17 프로 맥스
아이폰 17 프로 맥스,아이폰 17 프로 맥스,중고나라,225299022,아이폰17 프로맥스 256 주황/화이트,1650000,판매중,,https://img2.joongna.com/media/original/2026/02/15/1771147916621le6_2cqDn.jpg?impolicy=thumb&size=150,https://web.joongna.com/product/225299022,2026-05-05 10:23,아이폰 17 프로 맥스
아이폰 17 프로 맥스,아이폰 17 프로 맥스,중고나라,228260823,아이폰17프로맥스 케이스티파이,60000,판매중,,https://img2.joongna.com/media/original/2026/05/05/1777945071533fJu_rTrYv.jpg?impolicy=thumb&size=150,https://web.joongna.com/product/228260823,2026-05-05 10:37,아이폰 17 프로 맥스
아이폰 17 프로 맥스,아이폰 17 프로 맥스,중고나라,228252626,아이폰17프로맥스 급처급급처,900000,판매중,,https://img2.joongna.com/media/original/2026/05/04/1777906214955Vp6_Voo9F.jpeg?impolicy=thumb&size=150,https://web.joongna.com/product/228252626,2026-05-04 23:51,아이폰 17 프로 맥스
아이폰 17 프로 맥스,아이폰 17 프로 맥스,중고나라,227922236,(구매합니다) 아이폰17 프로 프로맥스 미개봉 자급제 매입 256 512 1TB,1650000,판매중,,https://img2.joongna.com/media/original/2026/04/25/1777114716324Zh6_xEG0R.jpg?impolicy=thumb&size=150,https://web.joongna.com/product/227922236,2026-05-04 15:23,아이폰 17 프로 맥스
아이폰 17 프로 맥스,아이폰 17 프로 맥스,중고나라,226594761,루이비통 범퍼 팔라스 아이폰17프로맥스 M26927,550000,판매중,,https://img2.joongna.com/media/original/2026/03/22/1774148304562C7b_q35ZD.jpg?impolicy=thumb&size=150,https://web.joongna.com/product/226594761,2026-05-04 13:45,아이폰 17 프로 맥스
아이폰 17 프로 맥스,아이폰 17 프로 맥스,중고나라,228356860,아이폰17 프로맥스 256 자급제 미개봉,1900000,거래완료,,https://img2.joongna.com/media/original/2026/05/07/1778157211486XQF_AZt8D.jpg?impolicy=thumb&size=150,https://web.joongna.com/product/228356860,2026-05-07 21:33,아이폰 17 프로 맥스
아이폰 17 프로 맥스,아이폰 17 프로 맥스,중고나라,228300800,아이폰 17 프로맥스 오렌지 256 배터리 사이클 63,1500000,판매중,,https://img2.joongna.com/media/original/2026/05/06/1778038566482Kxp_D83od.jpg?impolicy=thumb&size=150,https://web.joongna.com/product/228300800,2026-05-06 12:36,아이폰 17 프로 맥스
아이폰 17 프로 맥스,아이폰 17 프로 맥스,중고나라,228044212,자급제X 아이폰17 프로맥스 512 실버,2000000,판매중,,https://img2.joongna.com/media/original/2026/04/29/1777412754982zzz_eCmNa.jpg?impolicy=thumb&size=150,https://web.joongna.com/product/228044212,2026-04-29 06:45,아이폰 17 프로 맥스
아이폰 17 프로 맥스,아이폰 17 프로 맥스,중고나라,227736616,무라카미 다카시 블랙미러 아이폰 17프로 맥스,70000,거래완료,,https://img2.joongna.com/media/original/2026/04/20/1776687726599wvy_xZISl.jpg?impolicy=thumb&size=150,https://web.joongna.com/product/227736616,2026-05-04 10:05,아이폰 17 프로 맥스
아이폰 17 프로 맥스,아이폰 17 프로 맥스,중고나라,227726819,아이폰 17프로맥스 피타카 케이스 선셋,60000,판매중,,https://img2.joongna.com/media/original/2026/04/20/177667263927442h_DYi6C.jpg?impolicy=thumb&size=150,https://web.joongna.com/product/227726819,2026-05-04 09:43,아이폰 17 프로 맥스
아이폰 17 프로 맥스,아이폰 17 프로 맥스,중고나라,228198887,아이폰 17 프로 맥스용 케이스티파이 오리타운 맥세이프 카드지갑 세트,60000,판매중,,https://img2.joongna.com/media/original/2026/05/03/1777788690438M0Y_wT2v2.jpg?impolicy=thumb&size=150,https://web.joongna.com/product/228198887,2026-05-03 15:11,아이폰 17 프로 맥스
아이폰 17 프로 맥스,아이폰 17 프로 맥스,중고나라,227814986,(구매합니다) 아이폰17 프로 프로맥스 미개봉 자급제 매입 256 512 1TB,1650000,판매중,,https://img2.joongna.com/media/original/2026/04/22/1776861203474kvX_GmKG9.jpg?impolicy=thumb&size=150,https://web.joongna.com/product/227814986,2026-05-03 14:02,아이폰 17 프로 맥스
아이폰 17 프로 맥스,아이폰 17 프로 맥스,중고나라,228197610,애플 아이폰 17 프로맥스 정품 클리어(맥세이프) 케이스 풀박스,12000,판매중,,https://img2.joongna.com/media/original/2026/05/03/1777786495462CUr_p6fjh.jpg?impolicy=thumb&size=150,https://web.joongna.com/product/228197610,2026-05-03 14:34,아이폰 17 프로 맥스
아이폰 17 프로 맥스,아이폰 17 프로 맥스,중고나라,226505698,케이스티파이 맥세이프 임팩트 아이폰17 프로 맥스 팝니다,30000,판매중,,https://img2.joongna.com/media/original/2026/03/19/17739269492329Zi_R0VMn.jpg?impolicy=thumb&size=150,https://web.joongna.com/product/226505698,2026-05-02 16:15,아이폰 17 프로 맥스
아이폰 17 프로 맥스,아이폰 17 프로 맥스,중고나라,228167919,아이폰17프로맥스 512 오렌지 자급제,1950000,판매중,,https://img2.joongna.com/media/original/2026/05/02/17777043102926P4_CvCtx.jpg?impolicy=thumb&size=150,https://web.joongna.com/product/228167919,2026-05-02 15:45,아이폰 17 프로 맥스
아이폰 17 프로 맥스,아이폰 17 프로 맥스,중고나라,225052226,아이폰17 프로맥스 맥세이프 정품케이스 [새제품],44000,판매중,,https://img2.joongna.com/media/original/2026/02/08/1770536592429GDY_SFUSc.jpg?impolicy=thumb&size=150,https://web.joongna.com/product/225052226,2026-05-02 14:25,아이폰 17 프로 맥스
아이폰 17 프로 맥스,아이폰 17 프로 맥스,중고나라,228135913,아이폰17 프로맥스 256gb 실버 자급제 판매합니다.,1300000,거래완료,,https://img2.joongna.com/media/original/2026/05/01/17776211484663Mu_2qIHg.jpg?impolicy=thumb&size=150,https://web.joongna.com/product/228135913,2026-05-01 16:39,아이폰 17 프로 맥스
아이폰 17 프로 맥스,아이폰 17 프로 맥스,중고나라,228130039,아이폰17프로맥스 케이스티파이 컴팩트 싸게팝니다 !!,30000,판매중,,https://img2.joongna.com/media/original/2026/05/01/1777611949101vw6_euJD9.jpg?impolicy=thumb&size=150,https://web.joongna.com/product/228130039,2026-05-01 14:05,아이폰 17 프로 맥스
아이폰 17 프로 맥스,아이폰 17 프로 맥스,중고나라,228116522,아이폰17 프로맥스 256gb 실버 자급제 판매합니다.,1300000,거래완료,,https://img2.joongna.com/media/original/2026/05/01/1777568134231JTw_A4Wzg.jpg?impolicy=thumb&size=150,https://web.joongna.com/product/228116522,2026-05-01 01:55,아이폰 17 프로 맥스
아이폰 17 프로 맥스,아이폰 17 프로 맥스,중고나라,227973268,케이스티파이 jesswiseman케이스 (아이폰17프로맥스) 팝니다,40000,판매중,,https://img2.joongna.com/media/original/2026/04/27/1777254738350jL7_sCV91.jpg?impolicy=thumb&size=150,https://web.joongna.com/product/227973268,2026-05-01 01:29,아이폰 17 프로 맥스
아이폰 17 프로 맥스,아이폰 17 프로 맥스,중고나라,228116260,아이폰17 프로맥스 256gb 실버 자급제 판매합니다.,1350000,거래완료,,https://img2.joongna.com/media/original/2026/05/01/1777566503767N6P_fXntA.jpg?impolicy=thumb&size=150,https://web.joongna.com/product/228116260,2026-05-01 01:28,아이폰 17 프로 맥스
아이폰 17 프로 맥스,아이폰 17 프로 맥스,중고나라,228102414,아이폰17프로맥스 256 팝니다,1900000,거래완료,,https://img2.joongna.com/media/original/2026/04/30/1777538601195r0K_Vpxrh.jpg?impolicy=thumb&size=150,https://web.joongna.com/product/228102414,2026-04-30 17:43,아이폰 17 프로 맥스
아이폰 17 프로 맥스,아이폰 17 프로 맥스,중고나라,228098516,아이폰 17프로 맥스 256G,1800000,거래완료,,https://img2.joongna.com/media/original/2026/04/30/1777532170359VCp_rnwqL.jpg?impolicy=thumb&size=150,https://web.joongna.com/product/228098516,2026-04-30 15:56,아이폰 17 프로 맥스
아이폰 17 프로 맥스,아이폰 17 프로 맥스,중고나라,227763650,비싸게삽니다!! 아이폰17프로 17프로맥스 미개봉 구매!!,1690000,판매중,,https://img2.joongna.com/media/original/2026/04/21/1776755265307boK_f43Vv.jpg?impolicy=thumb&size=150,https://web.joongna.com/product/227763650,2026-04-30 14:55,아이폰 17 프로 맥스
아이폰 17 프로 맥스,아이폰 17 프로 맥스,중고나라,227538999,비싸게삽니다!! 아이폰17프로 17프로맥스 미개봉 구매,1690000,판매중,,https://img2.joongna.com/media/original/2026/04/15/1776236346565zL7_9eMGt.jpg?impolicy=thumb&size=150,https://web.joongna.com/product/227538999,2026-04-30 14:55,아이폰 17 프로 맥스
아이폰 17 프로 맥스,아이폰 17 프로 맥스,중고나라,227739873,(구매합니다) 아이폰17 프로 프로맥스 미개봉 자급제 매입 256 512 1TB,1650000,판매중,,https://img2.joongna.com/media/original/2026/04/20/1776693179230pWj_PTaPA.jpg?impolicy=thumb&size=150,https://web.joongna.com/product/227739873,2026-04-30 13:28,아이폰 17 프로 맥스
아이폰 17 프로 맥스,아이폰 17 프로 맥스,중고나라,223135776,[애플] 아이폰17 프로 맥스 정품 케이스,39000,판매중,,https://img2.joongna.com/media/original/2025/12/19/17661112853442jB_U6zDA.jpg?impolicy=thumb&size=150,https://web.joongna.com/product/223135776,2026-04-30 10:24,아이폰 17 프로 맥스
아이폰 17 프로 맥스,아이폰 17 프로 맥스,중고나라,228072737,미개봉 아이폰17프로맥스 512 실버,2270000,판매중,,https://img2.joongna.com/media/original/2026/04/29/1777463557379zUr_bYhNp.jpg?impolicy=thumb&size=150,https://web.joongna.com/product/228072737,2026-04-29 20:52,아이폰 17 프로 맥스
아이폰 17 프로 맥스,아이폰 17 프로 맥스,중고나라,228068856,아이폰 17 프로 맥스 256gb 싷버,1780000,거래완료,,https://img2.joongna.com/media/original/2026/04/29/1777457247249Dak_qEdIJ.jpg?impolicy=thumb&size=150,https://web.joongna.com/product/228068856,2026-04-29 19:07,아이폰 17 프로 맥스
아이폰 17 프로 맥스,아이폰 17 프로 맥스,중고나라,227702150,(구매합니다) 아이폰17 프로 프로맥스 미개봉 자급제 매입 256 512 1TB,1650000,판매중,,https://img2.joongna.com/media/original/2026/04/19/1776608725995BPq_n2UgA.jpg?impolicy=thumb&size=150,https://web.joongna.com/product/227702150,2026-04-29 07:31,아이폰 17 프로 맥스
아이폰 17 프로 맥스,아이폰 17 프로 맥스,중고나라,227106816,아이폰 17프로맥스 케이스 팝니다!(일반/맥세이프),5000,판매중,,https://img2.joongna.com/media/original/2026/04/04/1775274344964Il5_SYd38.jpg?impolicy=thumb&size=150,https://web.joongna.com/product/227106816,2026-04-28 22:16,아이폰 17 프로 맥스
아이폰 17 프로 맥스,아이폰 17 프로 맥스,중고나라,226587193,아이폰 17프로맥스 케이스 3개 일괄 팝니다,25000,판매중,,https://img2.joongna.com/media/original/2026/03/22/177412087202956k_fHGVt.jpg?impolicy=thumb&size=150,https://web.joongna.com/product/226587193,2026-04-28 22:16,아이폰 17 프로 맥스
아이폰 17 프로 맥스,아이폰 17 프로 맥스,중고나라,228028788,아이폰17프로맥스 1TB,2300000,판매중,,https://img2.joongna.com/media/original/2026/04/28/17773682897203xj_dBudP.jpg?impolicy=thumb&size=150,https://web.joongna.com/product/228028788,2026-04-28 18:24,아이폰 17 프로 맥스
아이폰 17 프로 맥스,아이폰 17 프로 맥스,중고나라,224853317,아이폰17프로max 맥스 케이스,50000,판매중,,https://img2.joongna.com/media/original/2026/02/03/1770088823882EaK_IUsTu.jpg?impolicy=thumb&size=150,https://web.joongna.com/product/224853317,2026-04-28 18:14,아이폰 17 프로 맥스
아이폰 17 프로 맥스,아이폰 17 프로 맥스,중고나라,227576230,"아이폰 17 프로맥스 256GB, 512GB 북미판 무음카메라, 듀얼유심",2050000,판매중,,https://img2.joongna.com/media/original/2026/04/16/17763200443481Va_bOmsC.jpg?impolicy=thumb&size=150,https://web.joongna.com/product/227576230,2026-04-28 17:32,아이폰 17 프로 맥스
아이폰 17 프로 맥스,아이폰 17 프로 맥스,중고나라,227794272,아이폰 17프로맥스 256,1560000,판매중,,https://img2.joongna.com/media/original/2026/04/22/1776828669036ttU_cH22u.jpg?impolicy=thumb&size=150,https://web.joongna.com/product/227794272,2026-04-28 14:45,아이폰 17 프로 맥스
아이폰 17 프로 맥스,아이폰 17 프로 맥스,중고나라,228020564,아이폰 17프로맥스 케이스 3개 일괄 팝니다,25000,판매중,,https://img2.joongna.com/media/original/2026/04/28/1777355678084WEG_yAzhn.jpg?impolicy=thumb&size=150,https://web.joongna.com/product/228020564,2026-04-28 14:54,아이폰 17 프로 맥스
아이폰 17 프로 맥스,아이폰 17 프로 맥스,중고나라,227074562,아이폰 17프로맥스 케이스 3개 일괄 팝니다,25000,판매중,,https://img2.joongna.com/media/original/2026/04/03/17751958490346o2_KUBcS.jpg?impolicy=thumb&size=150,https://web.joongna.com/product/227074562,2026-04-28 14:52,아이폰 17 프로 맥스
아이폰 17 프로 맥스,아이폰 17 프로 맥스,중고나라,227632047,케이스티파이 Pink Floral 케이스 아이폰 17 프로맥스,25000,예약중,,https://img2.joongna.com/media/original/2026/04/18/17764382478143du_R8z1O.jpg?impolicy=thumb&size=150,https://web.joongna.com/product/227632047,2026-04-28 13:45,아이폰 17 프로 맥스
아이폰 17 프로 맥스,아이폰 17 프로 맥스,중고나라,225657170,아이폰 16프로맥스 무하자 무기스 17프로맥스와 교환 원합니다,1700000,판매중,,https://img2.joongna.com/media/original/2026/02/25/1772024235522kqn_tI87L.jpg?impolicy=thumb&size=150,https://web.joongna.com/product/225657170,2026-04-27 22:05,아이폰 17 프로 맥스
아이폰 17 프로 맥스,아이폰 17 프로 맥스,중고나라,227990773,"아이폰16프로-> 아이폰17프로,프로맥스 교환 추금 드려요",123456,판매중,,https://img2.joongna.com/media/original/2026/04/27/1777281862150q9i_x73si.jpg?impolicy=thumb&size=150,https://web.joongna.com/product/227990773,2026-04-27 18:24,아이폰 17 프로 맥스
아이폰 17 프로 맥스,아이폰 17 프로 맥스,중고나라,227799022,미아크(MIAK) SCOOP 아이폰 17 프로맥스 케이스,2000,거래완료,,https://img2.joongna.com/media/original/2026/04/22/1776835785227ewB_P94SA.jpg?impolicy=thumb&size=150,https://web.joongna.com/product/227799022,2026-04-27 14:49,아이폰 17 프로 맥스
아이폰 17 프로 맥스,아이폰 17 프로 맥스,중고나라,226661807,아이폰17프로 아이폰17프로맥스 구매합니다!!!,1700000,판매중,,https://img2.joongna.com/media/original/2026/03/23/17742757695004Xr_a0lzj.jpg?impolicy=thumb&size=150,https://web.joongna.com/product/226661807,2026-04-27 13:47,아이폰 17 프로 맥스
아이폰 17 프로 맥스,아이폰 17 프로 맥스,중고나라,227955437,애플 정품 아이폰17프로맥스 맥세이프 클리어 케이스,34000,판매중,,https://img2.joongna.com/media/original/2026/04/26/1777198052750C77_d5icC.jpg?impolicy=thumb&size=150,https://web.joongna.com/product/227955437,2026-04-26 19:07,아이폰 17 프로 맥스
아이폰 17 프로 맥스,아이폰 17 프로 맥스,중고나라,227538958,비싸게삽니다! 아이폰17프로 17프로맥스 미개봉 구매,1690000,판매중,,https://img2.joongna.com/media/original/2026/04/15/1776236292773d5z_gJwon.jpg?impolicy=thumb&size=150,https://web.joongna.com/product/227538958,2026-04-26 18:02,아이폰 17 프로 맥스
아이폰 17 프로 맥스,아이폰 17 프로 맥스,중고나라,227952499,아이폰17프로맥스,1750000,판매중,,https://img2.joongna.com/media/original/2026/04/26/1777192913270QgQ_aMNwy.jpg?impolicy=thumb&size=150,https://web.joongna.com/product/227952499,2026-04-26 17:41,아이폰 17 프로 맥스
아이폰 17 프로 맥스,아이폰 17 프로 맥스,중고나라,227930953,아이폰 17 프로맥스 화이트 512GB 판매합니다,1750000,판매중,,https://img2.joongna.com/media/original/2026/04/26/1777132858655LAj_G4s4I.jpg?impolicy=thumb&size=150,https://web.joongna.com/product/227930953,2026-04-26 08:14,아이폰 17 프로 맥스
아이폰 17 프로 맥스,아이폰 17 프로 맥스,중고나라,221538793,새상품 아이폰17 프로맥스 카본케이스 거치대 스탠드 슬림 고급,58000,판매중,,https://img2.joongna.com/media/original/2025/11/06/17624062435856Ea_cRsh9.jpg?impolicy=thumb&size=150,https://web.joongna.com/product/221538793,2026-04-26 08:46,아이폰 17 프로 맥스
아이폰 17 프로 맥스,아이폰 17 프로 맥스,중고나라,227607357,아이폰17 프로맥스 정품케이스,45000,판매중,,https://img2.joongna.com/media/original/2026/04/19/1776580157949nbH_24Hav.jpg?impolicy=thumb&size=150,https://web.joongna.com/product/227607357,2026-04-25 16:19,아이폰 17 프로 맥스
아이폰 17 프로 맥스,아이폰 17 프로 맥스,중고나라,227908810,아이폰 17 프로맥스 실버 256GB 미개봉 판매합니다,1900000,거래완료,,https://img2.joongna.com/media/original/2026/04/25/1777092108377pYt_uPNn5.jpg?impolicy=thumb&size=150,https://web.joongna.com/product/227908810,2026-04-25 13:45,아이폰 17 프로 맥스
아이폰 17 프로 맥스,아이폰 17 프로 맥스,중고나라,227905484,아이폰 17 프로맥스 512 이상 사봐요 실버,1800000,판매중,,https://img2.joongna.com/media/original/2026/04/25/1777086892267DPt_3msla.jpg?impolicy=thumb&size=150,https://web.joongna.com/product/227905484,2026-04-25 12:14,아이폰 17 프로 맥스
아이폰 17 프로 맥스,아이폰 17 프로 맥스,중고나라,227490983,(구매합니다) 아이폰17 프로 프로맥스 미개봉 자급제 매입 256 512 1TB,1650000,판매중,,https://img2.joongna.com/media/original/2026/04/14/17761377346795yG_diDRW.jpg?impolicy=thumb&size=150,https://web.joongna.com/product/227490983,2026-04-24 19:16,아이폰 17 프로 맥스
아이폰 17 프로 맥스,아이폰 17 프로 맥스,중고나라,227885079,LOTUFF 아이폰17프로맥스 프라이버시 강화유리 사생활 보호 필름,3600,판매중,,https://img2.joongna.com/media/original/2026/04/24/1777024780579HyR_JHP27.jpg?impolicy=thumb&size=150,https://web.joongna.com/product/227885079,2026-04-24 18:59,아이폰 17 프로 맥스
아이폰 17 프로 맥스,아이폰 17 프로 맥스,중고나라,227883754,아이폰17프로맥스 1테라 자급제,2500000,판매중,,https://img2.joongna.com/media/original/2026/04/24/1777022381360gl8_dbW5J.jpg?impolicy=thumb&size=150,https://web.joongna.com/product/227883754,2026-04-24 18:19,아이폰 17 프로 맥스
아이폰 17 프로 맥스,아이폰 17 프로 맥스,중고나라,227512675,(구매합니다) 아이폰17 프로 프로맥스 미개봉 자급제 매입 256 512 1TB,1650000,판매중,,https://img2.joongna.com/media/original/2026/04/14/1776171054851mqd_lK7jb.jpg?impolicy=thumb&size=150,https://web.joongna.com/product/227512675,2026-04-24 18:09,아이폰 17 프로 맥스
아이폰 17 프로 맥스,아이폰 17 프로 맥스,중고나라,225549478,"[소품용] 아이폰17프로,프로맥스 박스",19000,예약중,,https://img2.joongna.com/media/original/2026/02/23/1771802623604Djw_UPxUy.jpg?impolicy=thumb&size=150,https://web.joongna.com/product/225549478,2026-04-24 15:48,아이폰 17 프로 맥스
아이폰 17 프로 맥스,아이폰 17 프로 맥스,중고나라,225549294,"[소품용] 아이폰17프로,프로맥스 박스",19000,판매중,,https://img2.joongna.com/media/original/2026/02/23/1771801827210MDQ_zXYkZ.jpg?impolicy=thumb&size=150,https://web.joongna.com/product/225549294,2026-04-24 15:48,아이폰 17 프로 맥스
아이폰 17 프로 맥스,아이폰 17 프로 맥스,중고나라,227870810,아이폰17프로맥스 1테라 + 애케플,2150000,거래완료,,https://img2.joongna.com/media/original/2026/04/24/177700183472395u_isYg2.jpg?impolicy=thumb&size=150,https://web.joongna.com/product/227870810,2026-04-24 12:37,아이폰 17 프로 맥스
아이폰 17 프로 맥스,아이폰 17 프로 맥스,중고나라,226912145,삽니다 아이폰17 프로 프로맥스,1920000,판매중,,https://img2.joongna.com/media/original/2026/03/30/1774847668407pLj_0ejgH.jpg?impolicy=thumb&size=150,https://web.joongna.com/product/226912145,2026-04-24 11:10,아이폰 17 프로 맥스
아이폰 17 프로 맥스,아이폰 17 프로 맥스,중고나라,227575208,아이폰17프로맥스 케이스티파이 케이스,30000,거래완료,,https://img2.joongna.com/media/original/2026/04/16/1776318746288MTA_LM1Qe.jpg?impolicy=thumb&size=150,https://web.joongna.com/product/227575208,2026-04-24 11:26,아이폰 17 프로 맥스
