query_keyword,dataset_role,label,label_meaning,platform,keyword,canonical_name,matched_keywords,pid,name,price,status,date,link,image_url,description,source_file
갤럭시 s25,train_positive_candidate,1,positive_candidate_from_joongna,중고나라,갤럭시 s25,갤럭시 s25,갤럭시 s25,228328142,삼성 갤럭시 s25 엣지,750000,판매중,2026-05-07 05:05,https://web.joongna.com/product/228328142,https://img2.joongna.com/media/original/2026/05/07/1778097930423xv3_qfWNs.jpg?impolicy=thumb&size=150,,통합조회_전체_no_filter_20260507_0536.csv
갤럭시 s25,train_positive_candidate,1,positive_candidate_from_joongna,중고나라,갤럭시 s25,갤럭시 s25,갤럭시 s25,228327357,[68만]S급 갤럭시S25 256기가 전색상,680000,판매중,2026-05-07 02:15,https://web.joongna.com/product/228327357,https://img2.joongna.com/media/original/2026/05/07/1778087728428rWD_H922g.jpg?impolicy=thumb&size=150,,통합조회_전체_no_filter_20260507_0536.csv
갤럭시 s25,train_positive_candidate,1,positive_candidate_from_joongna,중고나라,갤럭시 s25,갤럭시 s25,갤럭시 s25,228326693,갤럭시 S25 아이스블루 256기가 SS급 팔아요~,700000,판매중,2026-05-07 01:10,https://web.joongna.com/product/228326693,https://img2.joongna.com/media/original/2026/05/07/1778083809808nL7_udilg.jpg?impolicy=thumb&size=150,,통합조회_전체_no_filter_20260507_0536.csv
갤럭시 s25,train_positive_candidate,1,positive_candidate_from_joongna,중고나라,갤럭시 s25,갤럭시 s25,갤럭시 s25,228325669,갤럭시 S25엣지 최신폰 512기가 대용량 외관초S급,770000,판매중,2026-05-07 00:15,https://web.joongna.com/product/228325669,https://img2.joongna.com/media/original/2026/05/07/1778080498905O0q_rtZfw.jpg?impolicy=thumb&size=150,,통합조회_전체_no_filter_20260507_0536.csv
갤럭시 s25,train_positive_candidate,1,positive_candidate_from_joongna,중고나라,갤럭시 s25,갤럭시 s25,갤럭시 s25,228325369,갤럭시박스 갤럭시S25 네이비 512기가 빈박스,15000,판매중,2026-05-07 00:04,https://web.joongna.com/product/228325369,https://img2.joongna.com/media/original/2026/05/07/1778079855710WDs_W7bx2.jpg?impolicy=thumb&size=150,,통합조회_전체_no_filter_20260507_0536.csv
갤럭시 s25,train_positive_candidate,1,positive_candidate_from_joongna,중고나라,갤럭시 s25,갤럭시 s25,갤럭시 s25,228325360,갤럭시S25 등급별기기 판매합니다,580000,판매중,2026-05-07 00:03,https://web.joongna.com/product/228325360,https://img2.joongna.com/media/original/2026/05/07/17780798349863rt_BYHQq.jpg?impolicy=thumb&size=150,,통합조회_전체_no_filter_20260507_0536.csv
갤럭시 s25,train_positive_candidate,1,positive_candidate_from_joongna,중고나라,갤럭시 s25,갤럭시 s25,갤럭시 s25,228324932,[72만]S급 업무용 갤럭시S25 [512기가],720000,판매중,2026-05-06 23:50,https://web.joongna.com/product/228324932,https://img2.joongna.com/media/original/2026/05/06/1778079012165K9j_m4F6B.jpg?impolicy=thumb&size=150,,통합조회_전체_no_filter_20260507_0536.csv
갤럭시 s25,train_positive_candidate,1,positive_candidate_from_joongna,중고나라,갤럭시 s25,갤럭시 s25,갤럭시 s25,228323345,새상품급 갤럭시S25 256기가,630000,판매중,2026-05-06 22:57,https://web.joongna.com/product/228323345,https://img2.joongna.com/media/original/2026/05/06/1778075826232QTB_PJECh.jpg?impolicy=thumb&size=150,,통합조회_전체_no_filter_20260507_0536.csv
갤럭시 s25,train_positive_candidate,1,positive_candidate_from_joongna,중고나라,갤럭시 s25,갤럭시 s25,갤럭시 s25,228322898,갤럭시S25 네이비 512 판매합니다,700000,판매중,2026-05-06 22:43,https://web.joongna.com/product/228322898,https://img2.joongna.com/media/original/2026/05/06/1778074995512A6o_369Rq.jpg?impolicy=thumb&size=150,,통합조회_전체_no_filter_20260507_0536.csv
갤럭시 s25,train_positive_candidate,1,positive_candidate_from_joongna,중고나라,갤럭시 s25,갤럭시 s25,갤럭시 s25,226736144,미개봉 새상품 삼성 갤럭시 S25 시리즈 포스터,1000,판매중,2026-05-06 22:29,https://web.joongna.com/product/226736144,https://img2.joongna.com/media/original/2026/03/25/1774438367939eer_fXsIJ.jpg?impolicy=thumb&size=150,,통합조회_전체_no_filter_20260507_0536.csv
갤럭시 s25,train_positive_candidate,1,positive_candidate_from_joongna,중고나라,갤럭시 s25,갤럭시 s25,갤럭시 s25,228134858,갤럭시 S25 네이비 256GB KT 무잔상 SS급 213397,660000,판매중,2026-05-06 21:10,https://web.joongna.com/product/228134858,https://img2.joongna.com/media/original/2026/05/01/1777619651399uih_DZPyY.jpg?impolicy=thumb&size=150,,통합조회_전체_no_filter_20260507_0536.csv
갤럭시 s25,train_positive_candidate,1,positive_candidate_from_joongna,중고나라,갤럭시 s25,갤럭시 s25,갤럭시 s25,227287381,secretfact 갤럭시s25 스와로브스키 케이스,50000,판매중,2026-05-06 21:29,https://web.joongna.com/product/227287381,https://img2.joongna.com/media/original/2026/04/09/1775663839287dhS_NMDlt.jpg?impolicy=thumb&size=150,,통합조회_전체_no_filter_20260507_0536.csv
갤럭시 s25,train_positive_candidate,1,positive_candidate_from_joongna,중고나라,갤럭시 s25,갤럭시 s25,갤럭시 s25,228320322,A급) 갤럭시S25 512G 무잔상 블루 61005,660000,예약중,2026-05-06 21:29,https://web.joongna.com/product/228320322,https://img2.joongna.com/media/original/2026/05/06/1778070544885QBC_iMtdy.jpg?impolicy=thumb&size=150,,통합조회_전체_no_filter_20260507_0536.csv
갤럭시 s25,train_positive_candidate,1,positive_candidate_from_joongna,중고나라,갤럭시 s25,갤럭시 s25,갤럭시 s25,228111096,갤럭시 S25 엣지 S급 256G 정상해지 공기기,750000,판매중,2026-05-06 21:28,https://web.joongna.com/product/228111096,https://img2.joongna.com/media/original/2026/04/30/1777554615553SrY_0hQGn.jpg?impolicy=thumb&size=150,,통합조회_전체_no_filter_20260507_0536.csv
갤럭시 s25,train_positive_candidate,1,positive_candidate_from_joongna,중고나라,갤럭시 s25,갤럭시 s25,갤럭시 s25,228110622,갤럭시 S25 엣지 SS급 256G 정상해지 공기기,790000,판매중,2026-05-06 21:28,https://web.joongna.com/product/228110622,https://img2.joongna.com/media/original/2026/04/30/1777553736038D11_vGAiD.jpg?impolicy=thumb&size=150,,통합조회_전체_no_filter_20260507_0536.csv
갤럭시 s25,train_positive_candidate,1,positive_candidate_from_joongna,중고나라,갤럭시 s25,갤럭시 s25,갤럭시 s25,228084084,갤럭시 S25 엣지 SS급 256G 새상품급,790000,판매중,2026-05-06 21:28,https://web.joongna.com/product/228084084,https://img2.joongna.com/media/original/2026/04/30/1777506925446VUh_uN7Yi.jpg?impolicy=thumb&size=150,,통합조회_전체_no_filter_20260507_0536.csv
갤럭시 s25,train_positive_candidate,1,positive_candidate_from_joongna,중고나라,갤럭시 s25,갤럭시 s25,갤럭시 s25,228084079,갤럭시 S25 엣지 SS급 256G 정상해지 공기기,790000,판매중,2026-05-06 21:28,https://web.joongna.com/product/228084079,https://img2.joongna.com/media/original/2026/04/30/1777506904773CmK_nNVl9.jpg?impolicy=thumb&size=150,,통합조회_전체_no_filter_20260507_0536.csv
갤럭시 s25,train_positive_candidate,1,positive_candidate_from_joongna,중고나라,갤럭시 s25,갤럭시 s25,갤럭시 s25,228320195,[68만]S급 업무용 갤럭시S25 [256기가],680000,판매중,2026-05-06 21:25,https://web.joongna.com/product/228320195,https://img2.joongna.com/media/original/2026/05/06/1778070336166i7a_gmdzJ.jpg?impolicy=thumb&size=150,,통합조회_전체_no_filter_20260507_0536.csv
갤럭시 s25,train_positive_candidate,1,positive_candidate_from_joongna,중고나라,갤럭시 s25,갤럭시 s25,갤럭시 s25,228319538,SSS급) 갤럭시 S25 엣지 256GB 판매,690000,판매중,2026-05-06 21:07,https://web.joongna.com/product/228319538,https://img2.joongna.com/media/original/2026/05/06/1778069212663AhP_ic9PL.jpg?impolicy=thumb&size=150,,통합조회_전체_no_filter_20260507_0536.csv
갤럭시 s25,train_positive_candidate,1,positive_candidate_from_joongna,중고나라,갤럭시 s25,갤럭시 s25,갤럭시 s25,227852602,갤럭시S25 256G 새제품급(추가포함등등),690000,판매중,2026-05-06 20:27,https://web.joongna.com/product/227852602,https://img2.joongna.com/media/original/2026/04/23/1776946456789PuJ_IZdL9.jpg?impolicy=thumb&size=150,,통합조회_전체_no_filter_20260507_0536.csv
갤럭시 s25,train_positive_candidate,1,positive_candidate_from_joongna,중고나라,갤럭시 s25,갤럭시 s25,갤럭시 s25,227740689,"갤럭시S25엣지 새제품급(블루,정상해지)",720000,판매중,2026-05-06 20:27,https://web.joongna.com/product/227740689,https://img2.joongna.com/media/original/2026/04/20/1776694734927v2J_4MuEI.jpg?impolicy=thumb&size=150,,통합조회_전체_no_filter_20260507_0536.csv
갤럭시 s25,train_positive_candidate,1,positive_candidate_from_joongna,중고나라,갤럭시 s25,갤럭시 s25,갤럭시 s25,227890277,"갤럭시S25 512G 새것급(민트,실버)",730000,판매중,2026-05-06 20:16,https://web.joongna.com/product/227890277,https://img2.joongna.com/media/original/2026/04/28/1777376646851sls_UiIko.jpg?impolicy=thumb&size=150,,통합조회_전체_no_filter_20260507_0536.csv
갤럭시 s25,train_positive_candidate,1,positive_candidate_from_joongna,중고나라,갤럭시 s25,갤럭시 s25,갤럭시 s25,228303197,갤럭시s25 자급제 미개봉 512GB,600000,판매중,2026-05-06 20:25,https://web.joongna.com/product/228303197,https://img2.joongna.com/media/original/2026/05/06/1778042557531oZR_BuSe3.jpg?impolicy=thumb&size=150,,통합조회_전체_no_filter_20260507_0536.csv
갤럭시 s25,train_positive_candidate,1,positive_candidate_from_joongna,중고나라,갤럭시 s25,갤럭시 s25,갤럭시 s25,228149315,갤럭시S25엣지 256G 개봉새제품,720000,판매중,2026-05-06 20:17,https://web.joongna.com/product/228149315,https://img2.joongna.com/media/original/2026/05/01/1777646111752iCF_DaKNG.jpg?impolicy=thumb&size=150,,통합조회_전체_no_filter_20260507_0536.csv
갤럭시 s25,train_positive_candidate,1,positive_candidate_from_joongna,중고나라,갤럭시 s25,갤럭시 s25,갤럭시 s25,227838267,갤럭시 S25엣지 256GB 깨끗한 공기계,780000,판매중,2026-05-06 20:30,https://web.joongna.com/product/227838267,https://img2.joongna.com/media/original/2026/04/23/1776923721116ODj_2U8kV.jpg?impolicy=thumb&size=150,,통합조회_전체_no_filter_20260507_0536.csv
갤럭시 s25,train_positive_candidate,1,positive_candidate_from_joongna,중고나라,갤럭시 s25,갤럭시 s25,갤럭시 s25,228162413,갤럭시S25엣지 미개봉자급제(유리포함),990000,판매중,2026-05-06 20:16,https://web.joongna.com/product/228162413,https://img2.joongna.com/media/original/2026/05/02/1777694204003PXZ_ymR7W.jpg?impolicy=thumb&size=150,,통합조회_전체_no_filter_20260507_0536.csv
갤럭시 s25,train_positive_candidate,1,positive_candidate_from_joongna,중고나라,갤럭시 s25,갤럭시 s25,갤럭시 s25,228320325,갤럭시 S25 512GB 자급제 풀박스 3달사용 상태좋음,650000,예약중,2026-05-06 21:29,https://web.joongna.com/product/228320325,https://img2.joongna.com/media/original/2026/05/06/1778070555085ous_kTt1U.jpg?impolicy=thumb&size=150,,통합조회_전체_no_filter_20260507_0536.csv
갤럭시 s25,train_positive_candidate,1,positive_candidate_from_joongna,중고나라,갤럭시 s25,갤럭시 s25,갤럭시 s25,228294179,갤럭시 S25 엣지 512G SK 실버,700000,예약중,2026-05-06 09:10,https://web.joongna.com/product/228294179,https://img2.joongna.com/media/original/2026/05/06/1778026256521iIX_WWKGo.jpg?impolicy=thumb&size=150,,통합조회_전체_no_filter_20260507_0536.csv
갤럭시 s25,train_positive_candidate,1,positive_candidate_from_joongna,중고나라,갤럭시 s25,갤럭시 s25,갤럭시 s25,228275380,갤럭시 S25 512GB 박스 포함,680000,판매중,2026-05-05 17:24,https://web.joongna.com/product/228275380,https://img2.joongna.com/media/original/2026/05/05/1777969452575LOj_qAbfr.jpg?impolicy=thumb&size=150,,통합조회_전체_no_filter_20260507_0536.csv
갤럭시 s25,train_positive_candidate,1,positive_candidate_from_joongna,중고나라,갤럭시 s25,갤럭시 s25,갤럭시 s25,228316378,갤럭시 S25 256gb 실버 60만에 팝니다,600000,판매중,2026-05-06 19:34,https://web.joongna.com/product/228316378,https://img2.joongna.com/media/original/2026/05/06/1778063687696BYq_mn8j5.jpg?impolicy=thumb&size=150,,통합조회_전체_no_filter_20260507_0536.csv
갤럭시 s25,train_positive_candidate,1,positive_candidate_from_joongna,중고나라,갤럭시 s25,갤럭시 s25,갤럭시 s25,228316689,갤럭시S25 256기가 실버 (새제품급),550000,판매중,2026-05-06 19:45,https://web.joongna.com/product/228316689,https://img2.joongna.com/media/original/2026/05/06/1778064326920hEt_sjOEo.jpg?impolicy=thumb&size=150,,통합조회_전체_no_filter_20260507_0536.csv
갤럭시 s25,train_positive_candidate,1,positive_candidate_from_joongna,중고나라,갤럭시 s25,갤럭시 s25,갤럭시 s25,228316822,특가 SS급) 갤럭시 S25 512GB 판매,710000,판매중,2026-05-06 19:49,https://web.joongna.com/product/228316822,https://img2.joongna.com/media/original/2026/05/06/17780645596192qE_eEfnZ.jpg?impolicy=thumb&size=150,,통합조회_전체_no_filter_20260507_0536.csv
갤럭시 s25,train_positive_candidate,1,positive_candidate_from_joongna,중고나라,갤럭시 s25,갤럭시 s25,갤럭시 s25,228279652,(새제품) 갤럭시 s25 fe,700000,판매중,2026-05-06 19:28,https://web.joongna.com/product/228279652,https://img2.joongna.com/media/original/2026/05/05/1777976814406sEJ_Eqm0X.jpg?impolicy=thumb&size=150,,통합조회_전체_no_filter_20260507_0536.csv
갤럭시 s25,train_positive_candidate,1,positive_candidate_from_joongna,중고나라,갤럭시 s25,갤럭시 s25,갤럭시 s25,228306023,갤럭시s25 자급제 미개봉 512GB,600000,판매중,2026-05-06 19:15,https://web.joongna.com/product/228306023,https://img2.joongna.com/media/original/2026/05/06/1778047011096cTv_hLSki.jpg?impolicy=thumb&size=150,,통합조회_전체_no_filter_20260507_0536.csv
갤럭시 s25,train_positive_candidate,1,positive_candidate_from_joongna,중고나라,갤럭시 s25,갤럭시 s25,갤럭시 s25,228314159,갤럭시 s25엣지 256기가 자급제,700000,판매중,2026-05-06 18:26,https://web.joongna.com/product/228314159,https://img2.joongna.com/media/original/2026/05/06/1778059569807WdV_o9cHI.jpg?impolicy=thumb&size=150,,통합조회_전체_no_filter_20260507_0536.csv
갤럭시 s25,train_positive_candidate,1,positive_candidate_from_joongna,중고나라,갤럭시 s25,갤럭시 s25,갤럭시 s25,227281100,갤럭시 S25 Ultra 블랙 512GB,850000,거래완료,2026-05-06 18:22,https://web.joongna.com/product/227281100,https://img2.joongna.com/media/original/2026/04/08/17756516139593R0_RWCtr.jpg?impolicy=thumb&size=150,,통합조회_전체_no_filter_20260507_0536.csv
갤럭시 s25,train_positive_candidate,1,positive_candidate_from_joongna,중고나라,갤럭시 s25,갤럭시 s25,갤럭시 s25,228315005,갤럭시 s25 네이비 스마트폰 256GB 팜,620000,판매중,2026-05-06 18:51,https://web.joongna.com/product/228315005,https://img2.joongna.com/media/original/2026/05/06/1778061105163d6w_zf8TW.jpg?impolicy=thumb&size=150,,통합조회_전체_no_filter_20260507_0536.csv
갤럭시 s25,train_positive_candidate,1,positive_candidate_from_joongna,중고나라,갤럭시 s25,갤럭시 s25,갤럭시 s25,228314764,갤럭시 S25 실버쉐도우 기본형(512GB),730000,판매중,2026-05-06 18:43,https://web.joongna.com/product/228314764,https://img2.joongna.com/media/original/2026/05/06/1778060596586URr_jxPOj.jpg?impolicy=thumb&size=150,,통합조회_전체_no_filter_20260507_0536.csv
갤럭시 s25,train_positive_candidate,1,positive_candidate_from_joongna,중고나라,갤럭시 s25,갤럭시 s25,갤럭시 s25,228314266,[대전 중고폰] 갤럭시 S25 256GB 아이스블루 / S급 / 실사진 / 099597,660000,판매중,2026-05-06 18:29,https://web.joongna.com/product/228314266,https://img2.joongna.com/media/original/2026/05/06/1778059653679m9d_M4kDW.jpg?impolicy=thumb&size=150,,통합조회_전체_no_filter_20260507_0536.csv
갤럭시 s25,train_positive_candidate,1,positive_candidate_from_joongna,중고나라,갤럭시 s25,갤럭시 s25,갤럭시 s25,228314200,[대전 중고폰] 갤럭시 S25 256GB 실버 / 특A급 / 실사진 / 411155,640000,판매중,2026-05-06 18:27,https://web.joongna.com/product/228314200,https://img2.joongna.com/media/original/2026/05/06/1778059293871qKC_TB0B4.jpg?impolicy=thumb&size=150,,통합조회_전체_no_filter_20260507_0536.csv
갤럭시 s25,train_positive_candidate,1,positive_candidate_from_joongna,중고나라,갤럭시 s25,갤럭시 s25,갤럭시 s25,228313949,[대전 중고폰] 갤럭시 S25 256GB 실버 / S급 / 실사진 / 099534,660000,판매중,2026-05-06 18:21,https://web.joongna.com/product/228313949,https://img2.joongna.com/media/original/2026/05/06/1778058736251KfF_sXDWq.jpg?impolicy=thumb&size=150,,통합조회_전체_no_filter_20260507_0536.csv
갤럭시 s25,train_positive_candidate,1,positive_candidate_from_joongna,중고나라,갤럭시 s25,갤럭시 s25,갤럭시 s25,228242041,갤럭시 S25/S24 케이스 2개 새상품,3000,판매중,2026-05-06 18:20,https://web.joongna.com/product/228242041,https://img2.joongna.com/media/original/2026/05/04/1777886222891DKi_ge6ia.jpg?impolicy=thumb&size=150,,통합조회_전체_no_filter_20260507_0536.csv
갤럭시 s25,train_positive_candidate,1,positive_candidate_from_joongna,중고나라,갤럭시 s25,갤럭시 s25,갤럭시 s25,228242030,갤럭시 S25 카드수납 케이스 2개,5000,판매중,2026-05-06 18:20,https://web.joongna.com/product/228242030,https://img2.joongna.com/media/original/2026/05/04/1777886211421B0z_ERik9.jpg?impolicy=thumb&size=150,,통합조회_전체_no_filter_20260507_0536.csv
갤럭시 s25,train_positive_candidate,1,positive_candidate_from_joongna,중고나라,갤럭시 s25,갤럭시 s25,갤럭시 s25,228313506,[대전 중고폰] 갤럭시 S25 512GB 네이비 / A급 / 매장검수 / 실사진 413827,590000,판매중,2026-05-06 18:09,https://web.joongna.com/product/228313506,https://img2.joongna.com/media/original/2026/05/06/1778057870835yqN_aYzpM.jpg?impolicy=thumb&size=150,,통합조회_전체_no_filter_20260507_0536.csv
갤럭시 s25,train_positive_candidate,1,positive_candidate_from_joongna,중고나라,갤럭시 s25,갤럭시 s25,갤럭시 s25,228251013,갤럭시 S25 엣지 256GB,890000,판매중,2026-05-06 16:26,https://web.joongna.com/product/228251013,https://img2.joongna.com/media/original/2026/05/05/1777978996645b0j_gBvQe.JPG?impolicy=thumb&size=150,,통합조회_전체_no_filter_20260507_0536.csv
갤럭시 s25,train_positive_candidate,1,positive_candidate_from_joongna,중고나라,갤럭시 s25,갤럭시 s25,갤럭시 s25,228308809,겔럭시s25 256g 네이비 판매합니다,680000,판매중,2026-05-06 16:08,https://web.joongna.com/product/228308809,https://img2.joongna.com/media/original/2026/05/06/1778051298405q3V_5o82e.jpg?impolicy=thumb&size=150,,통합조회_전체_no_filter_20260507_0536.csv
갤럭시 s25,train_positive_candidate,1,positive_candidate_from_joongna,중고나라,갤럭시 s25,갤럭시 s25,갤럭시 s25,228307706,(대용량)갤럭시S25 실버색상 512용량 미파손 무잔상 정상해지공기계 판매합니다,600000,판매중,2026-05-06 15:40,https://web.joongna.com/product/228307706,https://img2.joongna.com/media/original/2026/05/06/1778049598765Pa0_xEOgR.jpg?impolicy=thumb&size=150,,통합조회_전체_no_filter_20260507_0536.csv
갤럭시 s25,train_positive_candidate,1,positive_candidate_from_joongna,중고나라,갤럭시 s25,갤럭시 s25,갤럭시 s25,228307611,갤럭시S25엣지 실버색상 256용량 S급 깨끗한단말기 25년7월개통 정상해지공기계 판매합니다,680000,판매중,2026-05-06 15:37,https://web.joongna.com/product/228307611,https://img2.joongna.com/media/original/2026/05/06/1778049441117if0_LtRTb.jpg?impolicy=thumb&size=150,,통합조회_전체_no_filter_20260507_0536.csv
갤럭시 s25,train_positive_candidate,1,positive_candidate_from_joongna,중고나라,갤럭시 s25,갤럭시 s25,갤럭시 s25,228248319,(미개봉)갤럭시S25 자급제 새상품,750000,판매중,2026-05-06 15:48,https://web.joongna.com/product/228248319,https://img2.joongna.com/media/original/2026/05/04/1777897842127j55_RVpNb.jpg?impolicy=thumb&size=150,,통합조회_전체_no_filter_20260507_0536.csv
갤럭시 s25,train_positive_candidate,1,positive_candidate_from_joongna,중고나라,갤럭시 s25,갤럭시 s25,갤럭시 s25,228307607,[미개봉/새제품] 갤럭시 S25 256GB 아이스블루 판매합니다 (선약가능/유심기변),780000,판매중,2026-05-06 15:37,https://web.joongna.com/product/228307607,https://img2.joongna.com/media/original/2026/05/06/177804934390287f_mnczF.jpg?impolicy=thumb&size=150,,통합조회_전체_no_filter_20260507_0536.csv
갤럭시 s25,train_positive_candidate,1,positive_candidate_from_joongna,중고나라,갤럭시 s25,갤럭시 s25,갤럭시 s25,228307169,리퍼급)갤럭시S25 무잔상 외관깨끗 64.9만 최저가 중고폰 삼성 스마트폰 공기기 공기계,649000,판매중,2026-05-06 15:27,https://web.joongna.com/product/228307169,https://img2.joongna.com/media/original/2026/05/06/1778048840839rNa_BbEv0.jpg?impolicy=thumb&size=150,,통합조회_전체_no_filter_20260507_0536.csv
갤럭시 s25,train_positive_candidate,1,positive_candidate_from_joongna,중고나라,갤럭시 s25,갤럭시 s25,갤럭시 s25,228166814,갤럭시 S25 네이비 256GB KT 무잔상 SS급 213397,660000,판매중,2026-05-06 15:21,https://web.joongna.com/product/228166814,https://img2.joongna.com/media/original/2026/05/02/1777702373267TF6_lv0DJ.jpg?impolicy=thumb&size=150,,통합조회_전체_no_filter_20260507_0536.csv
갤럭시 s25,train_positive_candidate,1,positive_candidate_from_joongna,중고나라,갤럭시 s25,갤럭시 s25,갤럭시 s25,228245309,갤럭시S25 256GB 팝니다!!,660000,판매중,2026-05-06 14:57,https://web.joongna.com/product/228245309,https://img2.joongna.com/media/original/2026/05/04/1777892639925WVd_nC72v.jpg?impolicy=thumb&size=150,,통합조회_전체_no_filter_20260507_0536.csv
갤럭시 s25,train_positive_candidate,1,positive_candidate_from_joongna,중고나라,갤럭시 s25,갤럭시 s25,갤럭시 s25,228290741,갤럭시s25 256_GB 판매합니다!!,650000,판매중,2026-05-06 14:56,https://web.joongna.com/product/228290741,https://img2.joongna.com/media/original/2026/05/06/17780003462407rn_dIDSD.jpg?impolicy=thumb&size=150,,통합조회_전체_no_filter_20260507_0536.csv
갤럭시 s25,train_positive_candidate,1,positive_candidate_from_joongna,중고나라,갤럭시 s25,갤럭시 s25,갤럭시 s25,228087720,[신품급] 갤럭시 S25 민트 SKT 256GB,650000,판매중,2026-05-06 14:52,https://web.joongna.com/product/228087720,https://img2.joongna.com/media/original/2026/04/30/1777514076234xlI_J4Mfb.jpg?impolicy=thumb&size=150,,통합조회_전체_no_filter_20260507_0536.csv
갤럭시 s25,train_positive_candidate,1,positive_candidate_from_joongna,중고나라,갤럭시 s25,갤럭시 s25,갤럭시 s25,228304324,[68만]S급 갤럭시S25 256기가 네이비,680000,판매중,2026-05-06 14:11,https://web.joongna.com/product/228304324,https://img2.joongna.com/media/original/2026/05/06/177804425616193N_AB2Oh.jpg?impolicy=thumb&size=150,,통합조회_전체_no_filter_20260507_0536.csv
갤럭시 s25,train_positive_candidate,1,positive_candidate_from_joongna,중고나라,갤럭시 s25,갤럭시 s25,갤럭시 s25,228135917,갤럭시s25 SSS급 무잔상 아주깨끗 보증기간2027년7월,650000,판매중,2026-05-06 13:03,https://web.joongna.com/product/228135917,https://img2.joongna.com/media/original/2026/05/01/1777621151691teI_uBVJ5.jpg?impolicy=thumb&size=150,,통합조회_전체_no_filter_20260507_0536.csv
갤럭시 s25,train_positive_candidate,1,positive_candidate_from_joongna,중고나라,갤럭시 s25,갤럭시 s25,갤럭시 s25,228301629,갤럭시 S25 256g 초 S급,640000,예약중,2026-05-06 13:00,https://web.joongna.com/product/228301629,https://img2.joongna.com/media/original/2026/05/06/1778040035558R0m_1tqKa.jpg?impolicy=thumb&size=150,,통합조회_전체_no_filter_20260507_0536.csv
갤럭시 s25,train_positive_candidate,1,positive_candidate_from_joongna,중고나라,갤럭시 s25,갤럭시 s25,갤럭시 s25,228265888,갤럭시 S25 미사용 256 아이스블루,660000,판매중,2026-05-06 13:00,https://web.joongna.com/product/228265888,https://img2.joongna.com/media/original/2026/05/05/1777953850067Zi0_MBwQd.jpg?impolicy=thumb&size=150,,통합조회_전체_no_filter_20260507_0536.csv
갤럭시 s25,train_positive_candidate,1,positive_candidate_from_joongna,중고나라,갤럭시 s25,갤럭시 s25,갤럭시 s25,228135499,갤럭시S25엣지 새폰급 무잔상 아주깨끗 보증기간2027년8월,720000,판매중,2026-05-06 13:03,https://web.joongna.com/product/228135499,https://img2.joongna.com/media/original/2026/05/01/1777620545090oGZ_uIoUA.jpg?impolicy=thumb&size=150,,통합조회_전체_no_filter_20260507_0536.csv
갤럭시 s25,train_positive_candidate,1,positive_candidate_from_joongna,중고나라,갤럭시 s25,갤럭시 s25,갤럭시 s25,228098242,갤럭시S25엣지 아이스블루색상 256용량 25년9월개통 미파손 무잔상 S급 상태좋은폰 정상해지공기계 판매합니다,680000,판매중,2026-05-06 12:17,https://web.joongna.com/product/228098242,https://img2.joongna.com/media/original/2026/04/30/1777531703775H6o_7vFoq.jpg?impolicy=thumb&size=150,,통합조회_전체_no_filter_20260507_0536.csv
갤럭시 s25,train_positive_candidate,1,positive_candidate_from_joongna,중고나라,갤럭시 s25,갤럭시 s25,갤럭시 s25,228063056,(대용량)갤럭시S25 실버색상 512용량 미파손 무잔상 상태좋은단말기 판매,660000,판매중,2026-05-06 12:19,https://web.joongna.com/product/228063056,https://img2.joongna.com/media/original/2026/04/29/1777447691715aoY_BjlGi.jpg?impolicy=thumb&size=150,,통합조회_전체_no_filter_20260507_0536.csv
갤럭시 s25,train_positive_candidate,1,positive_candidate_from_joongna,중고나라,갤럭시 s25,갤럭시 s25,갤럭시 s25,227687461,(신폰급) 갤럭시 S25 512G 민트 25년 2월개통 액정무기스 무찍힘 정상해지폰 70만팝니다@,700000,판매중,2026-05-06 12:10,https://web.joongna.com/product/227687461,https://img2.joongna.com/media/original/2026/04/19/1776583199692eEG_OcRtk.jpg?impolicy=thumb&size=150,,통합조회_전체_no_filter_20260507_0536.csv
갤럭시 s25,train_positive_candidate,1,positive_candidate_from_joongna,중고나라,갤럭시 s25,갤럭시 s25,갤럭시 s25,228203802,(특SSS급) 갤럭시 S25엣지 512G 블랙 단말자급제 25년 6월개통 검수완료단말기 73만팝니다@,730000,판매중,2026-05-06 12:09,https://web.joongna.com/product/228203802,https://img2.joongna.com/media/original/2026/05/03/17777968694286ZP_qRpuY.jpg?impolicy=thumb&size=150,,통합조회_전체_no_filter_20260507_0536.csv
갤럭시 s25,train_positive_candidate,1,positive_candidate_from_joongna,중고나라,갤럭시 s25,갤럭시 s25,갤럭시 s25,228174409,(특SSS급) 갤럭시 S25엣지 512G 아이스블루 25년 6월개통 정상해지공기계 검수완료 78만팝니다@,780000,판매중,2026-05-06 12:09,https://web.joongna.com/product/228174409,https://img2.joongna.com/media/original/2026/05/02/17777163515240fv_hS1OU.jpg?impolicy=thumb&size=150,,통합조회_전체_no_filter_20260507_0536.csv
갤럭시 s25,train_positive_candidate,1,positive_candidate_from_joongna,중고나라,갤럭시 s25,갤럭시 s25,갤럭시 s25,228131446,갤럭시S25 SSS급,650000,판매중,2026-05-06 12:47,https://web.joongna.com/product/228131446,https://img2.joongna.com/media/original/2026/05/01/1777614171301RDT_AYUa9.jpg?impolicy=thumb&size=150,,통합조회_전체_no_filter_20260507_0536.csv
갤럭시 s25,train_positive_candidate,1,positive_candidate_from_joongna,중고나라,갤럭시 s25,갤럭시 s25,갤럭시 s25,227982561,(특SSS급) 갤럭시 S25 512G 아이스블루 25년 2월개통 액정무기스 검수완료 공기계 70만팝니다@@,700000,판매중,2026-05-06 12:07,https://web.joongna.com/product/227982561,https://img2.joongna.com/media/original/2026/04/27/1777268850370uyC_Pipmg.jpg?impolicy=thumb&size=150,,통합조회_전체_no_filter_20260507_0536.csv
갤럭시 s25,train_positive_candidate,1,positive_candidate_from_joongna,중고나라,갤럭시 s25,갤럭시 s25,갤럭시 s25,227957752,(특SSS급) 갤럭시 S25 512G 아이스블루 25년 3월개통 액정무기스 정상해지폰 검수완료 70만팝니다@,700000,판매중,2026-05-06 12:09,https://web.joongna.com/product/227957752,https://img2.joongna.com/media/original/2026/04/26/1777202380955RNk_HhjE4.jpg?impolicy=thumb&size=150,,통합조회_전체_no_filter_20260507_0536.csv
갤럭시 s25,train_positive_candidate,1,positive_candidate_from_joongna,중고나라,갤럭시 s25,갤럭시 s25,갤럭시 s25,226252856,갤럭시S25엣지 새폰급 아주 조은폰,720000,판매중,2026-05-06 12:47,https://web.joongna.com/product/226252856,https://img2.joongna.com/media/original/2026/05/01/17776138936520vf_bPRv7.jpg?impolicy=thumb&size=150,,통합조회_전체_no_filter_20260507_0536.csv
갤럭시 s25,train_positive_candidate,1,positive_candidate_from_joongna,중고나라,갤럭시 s25,갤럭시 s25,갤럭시 s25,228063193,갤럭시S25엣지 블랙색상 256용량 미파손 무잔상 S급 25년9월개통 상태좋은단말기,680000,판매중,2026-05-06 12:18,https://web.joongna.com/product/228063193,https://img2.joongna.com/media/original/2026/04/29/1777447821123AkG_O936I.jpg?impolicy=thumb&size=150,,통합조회_전체_no_filter_20260507_0536.csv
갤럭시 s25,train_positive_candidate,1,positive_candidate_from_joongna,중고나라,갤럭시 s25,갤럭시 s25,갤럭시 s25,228203883,(특SSS급) 갤럭시 S25 512G 실버 25년 2월개통 액정무기스 검수완료 공기계 70만팝니다@@,700000,판매중,2026-05-06 12:09,https://web.joongna.com/product/228203883,https://img2.joongna.com/media/original/2026/05/03/17777970012540cx_dVVJC.jpg?impolicy=thumb&size=150,,통합조회_전체_no_filter_20260507_0536.csv
갤럭시 s25,train_positive_candidate,1,positive_candidate_from_joongna,중고나라,갤럭시 s25,갤럭시 s25,갤럭시 s25,228174488,(특SSS급) 갤럭시 S25 512G 민트 25년 2월개통 정상해지공기계 액정무기스 대용량폰 70만팝니다@,700000,판매중,2026-05-06 12:08,https://web.joongna.com/product/228174488,https://img2.joongna.com/media/original/2026/05/02/17777164764945pm_Q3BBe.jpg?impolicy=thumb&size=150,,통합조회_전체_no_filter_20260507_0536.csv
갤럭시 s25,train_positive_candidate,1,positive_candidate_from_joongna,중고나라,갤럭시 s25,갤럭시 s25,갤럭시 s25,228225301,갤럭시S25엣지 SSS급 512기가 공기계,790000,판매중,2026-05-06 12:48,https://web.joongna.com/product/228225301,https://img2.joongna.com/media/original/2026/05/04/1777859865272fEN_BYQns.jpg?impolicy=thumb&size=150,,통합조회_전체_no_filter_20260507_0536.csv
갤럭시 s25,train_positive_candidate,1,positive_candidate_from_joongna,중고나라,갤럭시 s25,갤럭시 s25,갤럭시 s25,228203935,(신폰급) 갤럭시 S25엣지 256G 아이스블루 25년 8월개통 정상해지공기계 초S급 선물용 72만팝니다@,720000,판매중,2026-05-06 12:09,https://web.joongna.com/product/228203935,https://img2.joongna.com/media/original/2026/05/03/1777797092654fs9_Wm4V9.jpg?impolicy=thumb&size=150,,통합조회_전체_no_filter_20260507_0536.csv
갤럭시 s25,train_positive_candidate,1,positive_candidate_from_joongna,중고나라,갤럭시 s25,갤럭시 s25,갤럭시 s25,228299047,[68만] 갤럭시S25 256기가 네이비,680000,판매중,2026-05-06 11:46,https://web.joongna.com/product/228299047,https://img2.joongna.com/media/original/2026/05/06/1778035551902EOj_A7Xqs.jpg?impolicy=thumb&size=150,,통합조회_전체_no_filter_20260507_0536.csv
갤럭시 s25,train_positive_candidate,1,positive_candidate_from_joongna,중고나라,갤럭시 s25,갤럭시 s25,갤럭시 s25,228164794,갤럭시S25엣지 512기가 새폰급 보증기간2027.5월 블랙,790000,판매중,2026-05-06 11:06,https://web.joongna.com/product/228164794,https://img2.joongna.com/media/original/2026/05/02/1777698764199fd8_bOD7i.jpg?impolicy=thumb&size=150,,통합조회_전체_no_filter_20260507_0536.csv
갤럭시 s25,train_positive_candidate,1,positive_candidate_from_joongna,중고나라,갤럭시 s25,갤럭시 s25,갤럭시 s25,227867506,[대전 중고폰] 갤럭시 S25엣지 256GB 블랙 / SS급 / 실물촬영 / 매장운영 414628,650000,판매중,2026-05-06 10:19,https://web.joongna.com/product/227867506,https://img2.joongna.com/media/original/2026/04/24/1776996534261eL1_aNMK5.jpg?impolicy=thumb&size=150,,통합조회_전체_no_filter_20260507_0536.csv
갤럭시 s25,train_positive_candidate,1,positive_candidate_from_joongna,중고나라,갤럭시 s25,갤럭시 s25,갤럭시 s25,228106439,[대전 중고폰] 갤럭시 S25엣지 256GB 실버 / S급 / 실사진 / 414261,670000,판매중,2026-05-06 10:19,https://web.joongna.com/product/228106439,https://img2.joongna.com/media/original/2026/04/30/1777545697732zWF_kQ6Mh.jpg?impolicy=thumb&size=150,,통합조회_전체_no_filter_20260507_0536.csv
갤럭시 s25,train_positive_candidate,1,positive_candidate_from_joongna,중고나라,갤럭시 s25,갤럭시 s25,갤럭시 s25,228266133,갤럭시 S25 네이비 256GB 판매합니다,500000,예약중,2026-05-06 10:35,https://web.joongna.com/product/228266133,https://img2.joongna.com/media/original/2026/05/05/1777954261010fS5_3HCZe.jpg?impolicy=thumb&size=150,,통합조회_전체_no_filter_20260507_0536.csv
갤럭시 s25,train_positive_candidate,1,positive_candidate_from_joongna,중고나라,갤럭시 s25,갤럭시 s25,갤럭시 s25,227350231,갤럭시 S25 256기가 전색상있습니다 중고폰 공기계 최저가 알뜰폰,680000,판매중,2026-05-06 10:34,https://web.joongna.com/product/227350231,https://img2.joongna.com/media/original/2026/04/10/1775807847672DpL_ndWTp.jpg?impolicy=thumb&size=150,,통합조회_전체_no_filter_20260507_0536.csv
갤럭시 s25,train_positive_candidate,1,positive_candidate_from_joongna,중고나라,갤럭시 s25,갤럭시 s25,갤럭시 s25,228238986,갤럭시 S25 256GB A-급 깔끔 정상해지,650000,판매중,2026-05-06 10:53,https://web.joongna.com/product/228238986,https://img2.joongna.com/media/original/2026/05/04/17778814549797CV_T0m4y.jpg?impolicy=thumb&size=150,,통합조회_전체_no_filter_20260507_0536.csv
갤럭시 s25,train_positive_candidate,1,positive_candidate_from_joongna,중고나라,갤럭시 s25,갤럭시 s25,갤럭시 s25,228290253,갤럭시 S25 256GB 자급제 판매합니다,500000,예약중,2026-05-06 10:38,https://web.joongna.com/product/228290253,https://img2.joongna.com/media/original/2026/05/06/17779976508868sA_TfBcD.jpg?impolicy=thumb&size=150,,통합조회_전체_no_filter_20260507_0536.csv
갤럭시 s25,train_positive_candidate,1,positive_candidate_from_joongna,중고나라,갤럭시 s25,갤럭시 s25,갤럭시 s25,228241022,갤럭시 S25 / S+급 / 4-56,695000,판매중,2026-05-06 10:12,https://web.joongna.com/product/228241022,https://img2.joongna.com/media/original/2026/05/04/1777884450701gx0_JPYE1.jpg?impolicy=thumb&size=150,,통합조회_전체_no_filter_20260507_0536.csv
갤럭시 s25,train_positive_candidate,1,positive_candidate_from_joongna,중고나라,갤럭시 s25,갤럭시 s25,갤럭시 s25,227834265,"[미개봉,새제품]갤럭시S25엣지 256G",596000,판매중,2026-05-06 09:37,https://web.joongna.com/product/227834265,https://img2.joongna.com/media/original/2026/04/23/1776917643941zD7_4YWut.jpg?impolicy=thumb&size=150,,통합조회_전체_no_filter_20260507_0536.csv
갤럭시 s25,train_positive_candidate,1,positive_candidate_from_joongna,중고나라,갤럭시 s25,갤럭시 s25,갤럭시 s25,228224016,갤럭시s25 엣지 512기가 아이스블루 자급제 삼케플,650000,판매중,2026-05-06 09:04,https://web.joongna.com/product/228224016,https://img2.joongna.com/media/original/2026/05/04/1777857513960VhH_GFwGv.jpg?impolicy=thumb&size=150,,통합조회_전체_no_filter_20260507_0536.csv
갤럭시 s25,train_positive_candidate,1,positive_candidate_from_joongna,중고나라,갤럭시 s25,갤럭시 s25,갤럭시 s25,228294418,[72만]S급 갤럭시S25 512기가 네이비,720000,판매중,2026-05-06 09:21,https://web.joongna.com/product/228294418,https://img2.joongna.com/media/original/2026/05/06/1778026878850CuZ_t1DqZ.jpg?impolicy=thumb&size=150,,통합조회_전체_no_filter_20260507_0536.csv
갤럭시 s25,train_positive_candidate,1,positive_candidate_from_joongna,중고나라,갤럭시 s25,갤럭시 s25,갤럭시 s25,228294505,갤럭시s25 256기가 자급제 실버쉐도우,620000,판매중,2026-05-06 09:25,https://web.joongna.com/product/228294505,https://img2.joongna.com/media/original/2026/05/06/1778027111259Sfv_PIuMa.jpg?impolicy=thumb&size=150,,통합조회_전체_no_filter_20260507_0536.csv
갤럭시 s25,train_positive_candidate,1,positive_candidate_from_joongna,중고나라,갤럭시 s25,갤럭시 s25,갤럭시 s25,228241304,갤럭시 S25 / S+급 / 4-56,695000,판매중,2026-05-06 09:17,https://web.joongna.com/product/228241304,https://img2.joongna.com/media/original/2026/05/04/1777884957010k1w_RNgY0.jpg?impolicy=thumb&size=150,,통합조회_전체_no_filter_20260507_0536.csv
갤럭시 s25,train_positive_candidate,1,positive_candidate_from_joongna,중고나라,갤럭시 s25,갤럭시 s25,갤럭시 s25,228293408,갤럭시 S25 Plus 실버 256GB 자급제,700000,거래완료,2026-05-06 08:30,https://web.joongna.com/product/228293408,https://img2.joongna.com/media/original/2026/05/06/1778023033574yGr_BDRTw.jpg?impolicy=thumb&size=150,,통합조회_전체_no_filter_20260507_0536.csv
갤럭시 s25,train_positive_candidate,1,positive_candidate_from_joongna,중고나라,갤럭시 s25,갤럭시 s25,갤럭시 s25,228293931,갤럭시 S25,700000,판매중,2026-05-06 08:57,https://web.joongna.com/product/228293931,https://img2.joongna.com/media/original/2026/05/06/1778025464405f9X_cvuOo.jpg?impolicy=thumb&size=150,,통합조회_전체_no_filter_20260507_0536.csv
갤럭시 s25,train_positive_candidate,1,positive_candidate_from_joongna,중고나라,갤럭시 s25,갤럭시 s25,갤럭시 s25,228007450,갤럭시s25 케이스,2000,판매중,2026-05-06 08:22,https://web.joongna.com/product/228007450,https://img2.joongna.com/media/original/2026/04/28/1777333253131N7L_3h7ZS.jpg?impolicy=thumb&size=150,,통합조회_전체_no_filter_20260507_0536.csv
갤럭시 s25,train_positive_candidate,1,positive_candidate_from_joongna,중고나라,갤럭시 s25,갤럭시 s25,갤럭시 s25,228291209,갤럭시s25 256_GB 판매합니다!!,650000,판매중,2026-05-06 03:10,https://web.joongna.com/product/228291209,https://img2.joongna.com/media/original/2026/05/06/1778004605193xAr_TQetD.jpg?impolicy=thumb&size=150,,통합조회_전체_no_filter_20260507_0536.csv
갤럭시 s25,train_positive_candidate,1,positive_candidate_from_joongna,중고나라,갤럭시 s25,갤럭시 s25,갤럭시 s25,228290149,갤럭시 S25엣지 실버 256기가 SS급 팔아요~,750000,판매중,2026-05-06 01:05,https://web.joongna.com/product/228290149,https://img2.joongna.com/media/original/2026/05/06/1777997041207b4h_rQAyd.jpg?impolicy=thumb&size=150,,통합조회_전체_no_filter_20260507_0536.csv
갤럭시 s25,train_positive_candidate,1,positive_candidate_from_joongna,중고나라,갤럭시 s25,갤럭시 s25,갤럭시 s25,228288919,갤럭시S25 등급별기기 판매합니다,580000,판매중,2026-05-06 00:03,https://web.joongna.com/product/228288919,https://img2.joongna.com/media/original/2026/05/06/1777993428410ohi_nb8MQ.jpg?impolicy=thumb&size=150,,통합조회_전체_no_filter_20260507_0536.csv
갤럭시 s25,train_positive_candidate,1,positive_candidate_from_joongna,중고나라,갤럭시 s25,갤럭시 s25,갤럭시 s25,227347335,갤럭시 s25 512 민트,720000,판매중,2026-05-05 23:03,https://web.joongna.com/product/227347335,https://img2.joongna.com/media/original/2026/04/10/1775803551115w1H_iZisx.jpg?impolicy=thumb&size=150,,통합조회_전체_no_filter_20260507_0536.csv
갤럭시 s25,train_positive_candidate,1,positive_candidate_from_joongna,중고나라,갤럭시 s25,갤럭시 s25,갤럭시 s25,227749973,(새상품) 갤럭시S25 패턴 호피 리본큐빅 투명 케이스,6000,판매중,2026-05-05 22:17,https://web.joongna.com/product/227749973,https://img2.joongna.com/media/original/2026/04/21/17767346421587sR_zP1F8.jpg?impolicy=thumb&size=150,,통합조회_전체_no_filter_20260507_0536.csv
갤럭시 s25,train_positive_candidate,1,positive_candidate_from_joongna,중고나라,갤럭시 s25,갤럭시 s25,갤럭시 s25,228283785,갤럭시s25 자급제 미개봉 512GB,600000,판매중,2026-05-05 21:23,https://web.joongna.com/product/228283785,https://img2.joongna.com/media/original/2026/05/05/1777983838798wQ9_52px2.jpg?impolicy=thumb&size=150,,통합조회_전체_no_filter_20260507_0536.csv
갤럭시 s25,train_positive_candidate,1,positive_candidate_from_joongna,중고나라,갤럭시 s25,갤럭시 s25,갤럭시 s25,227956431,갤럭시S25엣지 블랙 256GB,670000,판매중,2026-05-05 20:02,https://web.joongna.com/product/227956431,https://img2.joongna.com/media/original/2026/04/26/1777199918627lfF_nMl00.jpg?impolicy=thumb&size=150,,통합조회_전체_no_filter_20260507_0536.csv
갤럭시 s25,train_positive_candidate,1,positive_candidate_from_joongna,중고나라,갤럭시 s25,갤럭시 s25,갤럭시 s25,228276321,갤럭시s25 자급제 미개봉 512GB,600000,판매중,2026-05-05 19:33,https://web.joongna.com/product/228276321,https://img2.joongna.com/media/original/2026/05/05/1777971007111G3P_bZ6MF.jpg?impolicy=thumb&size=150,,통합조회_전체_no_filter_20260507_0536.csv
갤럭시 s25,train_positive_candidate,1,positive_candidate_from_joongna,중고나라,갤럭시 s25,갤럭시 s25,갤럭시 s25,226176152,"(단순개봉, 유심기변 가능) 갤럭시S25엣지 256GB",810000,판매중,2026-05-05 18:47,https://web.joongna.com/product/226176152,https://img2.joongna.com/media/original/2026/03/11/17732119715426mv_KIHbM.jpg?impolicy=thumb&size=150,,통합조회_전체_no_filter_20260507_0536.csv
갤럭시 s25,train_positive_candidate,1,positive_candidate_from_joongna,중고나라,갤럭시 s25,갤럭시 s25,갤럭시 s25,228278127,갤럭시 S25엣지 실버 256GB 자급제 단품,730000,판매중,2026-05-05 18:40,https://web.joongna.com/product/228278127,https://img2.joongna.com/media/original/2026/05/05/1777974020717dJ8_Uzya9.jpg?impolicy=thumb&size=150,,통합조회_전체_no_filter_20260507_0536.csv
갤럭시 s25,train_positive_candidate,1,positive_candidate_from_joongna,중고나라,갤럭시 s25,갤럭시 s25,갤럭시 s25,227552077,갤럭시s24 s25시리즈정품케이스,12000,판매중,2026-05-05 18:23,https://web.joongna.com/product/227552077,https://img2.joongna.com/media/original/2026/04/15/1776257155128ZxM_Nc7mc.jpg?impolicy=thumb&size=150,,통합조회_전체_no_filter_20260507_0536.csv
갤럭시 s25,train_positive_candidate,1,positive_candidate_from_joongna,중고나라,갤럭시 s25,갤럭시 s25,갤럭시 s25,228273290,[80만]갤럭시S25엣지 512기가 무찍힘 무기스 S급 기기입니다,800000,판매중,2026-05-05 16:27,https://web.joongna.com/product/228273290,https://img2.joongna.com/media/original/2026/05/05/1777966028998yPr_aNVNJ.jpg?impolicy=thumb&size=150,,통합조회_전체_no_filter_20260507_0536.csv
갤럭시 s25,train_positive_candidate,1,positive_candidate_from_joongna,중고나라,갤럭시 s25,갤럭시 s25,갤럭시 s25,228273274,갤럭시S25 256기가 민트 (특S급) / 0502,710000,판매중,2026-05-05 16:26,https://web.joongna.com/product/228273274,https://img2.joongna.com/media/original/2026/05/05/1777965993585vjz_JOvkj.jpg?impolicy=thumb&size=150,,통합조회_전체_no_filter_20260507_0536.csv
갤럭시 s25,train_positive_candidate,1,positive_candidate_from_joongna,중고나라,갤럭시 s25,갤럭시 s25,갤럭시 s25,228260168,갤럭시s25 자급제 미개봉 512GB,600000,판매중,2026-05-05 15:46,https://web.joongna.com/product/228260168,https://img2.joongna.com/media/original/2026/05/05/1777943834529Y2T_Wny9L.jpg?impolicy=thumb&size=150,,통합조회_전체_no_filter_20260507_0536.csv
갤럭시 s25,train_positive_candidate,1,positive_candidate_from_joongna,중고나라,갤럭시 s25,갤럭시 s25,갤럭시 s25,228241062,(미개봉) 갤럭시 S25 FE 256GB 제트블랙,750000,판매중,2026-05-05 14:57,https://web.joongna.com/product/228241062,https://img2.joongna.com/media/original/2026/05/04/17778845355861vV_agyC5.jpg?impolicy=thumb&size=150,,통합조회_전체_no_filter_20260507_0536.csv
갤럭시 s25,train_positive_candidate,1,positive_candidate_from_joongna,중고나라,갤럭시 s25,갤럭시 s25,갤럭시 s25,228267933,[66만]갤럭시S25 네이비 256기가 선물폰 효도폰 자녀폰,660000,판매중,2026-05-05 14:02,https://web.joongna.com/product/228267933,https://img2.joongna.com/media/original/2026/05/05/1777957352640sWy_9te16.jpg?impolicy=thumb&size=150,,통합조회_전체_no_filter_20260507_0536.csv
갤럭시 s25,train_positive_candidate,1,positive_candidate_from_joongna,중고나라,갤럭시 s25,갤럭시 s25,갤럭시 s25,228091762,"[미개봉,새제품]갤럭시S25 특가",355000,판매중,2026-05-05 13:11,https://web.joongna.com/product/228091762,https://img2.joongna.com/media/original/2026/04/30/1777520562859ndR_h2XEC.jpg?impolicy=thumb&size=150,,통합조회_전체_no_filter_20260507_0536.csv
갤럭시 s25,train_positive_candidate,1,positive_candidate_from_joongna,중고나라,갤럭시 s25,갤럭시 s25,갤럭시 s25,228123989,(미개봉)갤럭시S25 자급제 새상품+케이스+충전기,770000,판매중,2026-05-05 11:24,https://web.joongna.com/product/228123989,https://img2.joongna.com/media/original/2026/05/01/1777601795495js5_NAh7o.jpg?impolicy=thumb&size=150,,통합조회_전체_no_filter_20260507_0536.csv
갤럭시 s25,train_positive_candidate,1,positive_candidate_from_joongna,중고나라,갤럭시 s25,갤럭시 s25,갤럭시 s25,227421514,*대용량* 갤럭시S25 실버색상 512용량 미파손 무잔상 상태좋은단말기 정상해지공기계,620000,판매중,2026-05-05 09:53,https://web.joongna.com/product/227421514,https://img2.joongna.com/media/original/2026/04/12/17759776715047AF_kwRpn.jpg?impolicy=thumb&size=150,,통합조회_전체_no_filter_20260507_0536.csv
갤럭시 s25,train_positive_candidate,1,positive_candidate_from_joongna,중고나라,갤럭시 s25,갤럭시 s25,갤럭시 s25,228097951,(대용량)갤럭시S25 민트색상 512용량 미파손 무잔상 상태좋은 단말기 판매합니다,600000,거래완료,2026-05-05 09:55,https://web.joongna.com/product/228097951,https://img2.joongna.com/media/original/2026/04/30/1777531210938aIU_35xbo.jpg?impolicy=thumb&size=150,,통합조회_전체_no_filter_20260507_0536.csv
갤럭시 s25,train_positive_candidate,1,positive_candidate_from_joongna,중고나라,갤럭시 s25,갤럭시 s25,갤럭시 s25,227562816,(새상품) 갤럭시S25 체크 체커보드 투명 젤리케이스,9900,판매중,2026-05-05 09:14,https://web.joongna.com/product/227562816,https://img2.joongna.com/media/original/2026/04/16/1776298810850f83_atJaP.jpg?impolicy=thumb&size=150,,통합조회_전체_no_filter_20260507_0536.csv
갤럭시 s25,train_positive_candidate,1,positive_candidate_from_joongna,중고나라,갤럭시 s25,갤럭시 s25,갤럭시 s25,228063220,갤럭시S25엣지 블랙색상 256용량 25년8월개통 S급 정상해지공기계 판매합니다,680000,거래완료,2026-05-05 09:54,https://web.joongna.com/product/228063220,https://img2.joongna.com/media/original/2026/04/29/1777447966524hcG_49Jp9.jpg?impolicy=thumb&size=150,,통합조회_전체_no_filter_20260507_0536.csv
갤럭시 s25,train_positive_candidate,1,positive_candidate_from_joongna,중고나라,갤럭시 s25,갤럭시 s25,갤럭시 s25,227105201,갤럭시 s25 엣지 티타늄 제트블랙 256g,650000,판매중,2026-05-05 08:57,https://web.joongna.com/product/227105201,https://img2.joongna.com/media/original/2026/04/04/1775271837881O3f_3yLGc.jpg?impolicy=thumb&size=150,,통합조회_전체_no_filter_20260507_0536.csv
갤럭시 s25,train_positive_candidate,1,positive_candidate_from_joongna,중고나라,갤럭시 s25,갤럭시 s25,갤럭시 s25,228256127,갤럭시s25 자급제 미개봉 512GB,600000,예약중,2026-05-05 08:39,https://web.joongna.com/product/228256127,https://img2.joongna.com/media/original/2026/05/05/1777928604324rpS_ZgqeF.jpg?impolicy=thumb&size=150,,통합조회_전체_no_filter_20260507_0536.csv
갤럭시 s25,train_positive_candidate,1,positive_candidate_from_joongna,중고나라,갤럭시 s25,갤럭시 s25,갤럭시 s25,228154035,갤럭시S25(풀박스),680000,판매중,2026-05-05 07:33,https://web.joongna.com/product/228154035,https://img2.joongna.com/media/original/2026/05/02/1777675249340uSt_juqH5.jpg?impolicy=thumb&size=150,,통합조회_전체_no_filter_20260507_0536.csv
갤럭시 s25,train_positive_candidate,1,positive_candidate_from_joongna,중고나라,갤럭시 s25,갤럭시 s25,갤럭시 s25,228256325,갤럭시 S25 네이비 256GB S급 공기계팝니다,550000,판매중,2026-05-05 06:44,https://web.joongna.com/product/228256325,https://img2.joongna.com/media/original/2026/05/05/177793107514021a_GZ7d7.jpg?impolicy=thumb&size=150,,통합조회_전체_no_filter_20260507_0536.csv
갤럭시 s25,train_positive_candidate,1,positive_candidate_from_joongna,중고나라,갤럭시 s25,갤럭시 s25,갤럭시 s25,228255778,[70만]S급 갤럭시S25네이비512기가 선물폰 세컨폰,700000,판매중,2026-05-05 04:22,https://web.joongna.com/product/228255778,https://img2.joongna.com/media/original/2026/05/05/1777922557762i0w_NB6pI.jpg?impolicy=thumb&size=150,,통합조회_전체_no_filter_20260507_0536.csv
갤럭시 s25,train_positive_candidate,1,positive_candidate_from_joongna,중고나라,갤럭시 s25,갤럭시 s25,갤럭시 s25,228213247,갤럭시 S25 아이스블루 자급제,650000,판매중,2026-05-05 00:26,https://web.joongna.com/product/228213247,https://img2.joongna.com/media/original/2026/05/03/1777814440288fGp_JVzUJ.jpg?impolicy=thumb&size=150,,통합조회_전체_no_filter_20260507_0536.csv
갤럭시 s25,train_positive_candidate,1,positive_candidate_from_joongna,중고나라,갤럭시 s25,갤럭시 s25,갤럭시 s25,228253010,갤럭시S25 등급별기기 판매합니다,580000,판매중,2026-05-05 00:04,https://web.joongna.com/product/228253010,https://img2.joongna.com/media/original/2026/05/05/1777907092852XqL_jfJdw.jpg?impolicy=thumb&size=150,,통합조회_전체_no_filter_20260507_0536.csv
갤럭시 s25,train_positive_candidate,1,positive_candidate_from_joongna,중고나라,갤럭시 s25,갤럭시 s25,갤럭시 s25,228248748,갤럭시 S25 256G 실버 판매합니다.,630000,거래완료,2026-05-04 21:42,https://web.joongna.com/product/228248748,https://img2.joongna.com/media/original/2026/05/04/1777898544972Opb_19AqO.jpg?impolicy=thumb&size=150,,통합조회_전체_no_filter_20260507_0536.csv
갤럭시 s25,train_positive_candidate,1,positive_candidate_from_joongna,중고나라,갤럭시 s25,갤럭시 s25,갤럭시 s25,228249327,삼성 갤럭시 S25엣지 256GB,730000,판매중,2026-05-04 21:58,https://web.joongna.com/product/228249327,https://img2.joongna.com/media/original/2026/05/04/1777899499404zv3_VirHu.jpg?impolicy=thumb&size=150,,통합조회_전체_no_filter_20260507_0536.csv
갤럭시 s25,train_positive_candidate,1,positive_candidate_from_joongna,중고나라,갤럭시 s25,갤럭시 s25,갤럭시 s25,228245529,갤럭시 S25 256GB 실버 판매합니다[65만],650000,판매중,2026-05-04 20:11,https://web.joongna.com/product/228245529,https://img2.joongna.com/media/original/2026/05/04/1777893088218bIT_FpmeY.jpg?impolicy=thumb&size=150,,통합조회_전체_no_filter_20260507_0536.csv
갤럭시 s25,train_positive_candidate,1,positive_candidate_from_joongna,중고나라,갤럭시 s25,갤럭시 s25,갤럭시 s25,228242737,갤럭시s25 512gb +케이스티파이 케이스,708000,예약중,2026-05-04 18:38,https://web.joongna.com/product/228242737,https://img2.joongna.com/media/original/2026/05/04/1777887532160uhk_IIpSn.jpg?impolicy=thumb&size=150,,통합조회_전체_no_filter_20260507_0536.csv
갤럭시 s25,train_positive_candidate,1,positive_candidate_from_joongna,중고나라,갤럭시 s25,갤럭시 s25,갤럭시 s25,228243083,갤럭시s25 256_GB 판매합니다!!,650000,판매중,2026-05-04 18:51,https://web.joongna.com/product/228243083,https://img2.joongna.com/media/original/2026/05/04/1777888296190jBK_7OrIT.jpg?impolicy=thumb&size=150,,통합조회_전체_no_filter_20260507_0536.csv
갤럭시 s25,train_positive_candidate,1,positive_candidate_from_joongna,중고나라,갤럭시 s25,갤럭시 s25,갤럭시 s25,228241564,갤럭시s25 256GB 자급제 미개봉 실버,890000,판매중,2026-05-04 18:03,https://web.joongna.com/product/228241564,https://img2.joongna.com/media/original/2026/05/04/17778854135153da_prSSL.jpg?impolicy=thumb&size=150,,통합조회_전체_no_filter_20260507_0536.csv
갤럭시 s25,train_positive_candidate,1,positive_candidate_from_joongna,중고나라,갤럭시 s25,갤럭시 s25,갤럭시 s25,228239192,갤럭시s25 자급제 미개봉 512GB,600000,거래완료,2026-05-04 17:02,https://web.joongna.com/product/228239192,https://img2.joongna.com/media/original/2026/05/04/1777881753598zH4_t7q2N.jpg?impolicy=thumb&size=150,,통합조회_전체_no_filter_20260507_0536.csv
갤럭시 s25,train_positive_candidate,1,positive_candidate_from_joongna,중고나라,갤럭시 s25,갤럭시 s25,갤럭시 s25,228146311,갤럭시S25엣지 256기가 티타늄실버 자급제 판매,700000,거래완료,2026-05-04 17:59,https://web.joongna.com/product/228146311,https://img2.joongna.com/media/original/2026/05/01/177763996944508z_JTVlS.jpg?impolicy=thumb&size=150,,통합조회_전체_no_filter_20260507_0536.csv
갤럭시 s25,train_positive_candidate,1,positive_candidate_from_joongna,중고나라,갤럭시 s25,갤럭시 s25,갤럭시 s25,228241019,갤럭시 S25 네이비 256G,690000,판매중,2026-05-04 17:47,https://web.joongna.com/product/228241019,https://img2.joongna.com/media/original/2026/05/04/17778844387929iy_WSSXG.jpg?impolicy=thumb&size=150,,통합조회_전체_no_filter_20260507_0536.csv
갤럭시 s25,train_positive_candidate,1,positive_candidate_from_joongna,중고나라,갤럭시 s25,갤럭시 s25,갤럭시 s25,228231717,(미개봉)갤럭시S25 자급제 새장품,780000,판매중,2026-05-04 17:04,https://web.joongna.com/product/228231717,https://img2.joongna.com/media/original/2026/05/04/1777870576014Ees_v2GuG.jpg?impolicy=thumb&size=150,,통합조회_전체_no_filter_20260507_0536.csv
갤럭시 s25,train_positive_candidate,1,positive_candidate_from_joongna,중고나라,갤럭시 s25,갤럭시 s25,갤럭시 s25,228004628,갤럭시S25 256GB 팝니다!!,660000,판매중,2026-05-04 17:14,https://web.joongna.com/product/228004628,https://img2.joongna.com/media/original/2026/04/28/1777310208193ZDz_G0UyW.jpg?impolicy=thumb&size=150,,통합조회_전체_no_filter_20260507_0536.csv
갤럭시 s25,train_positive_candidate,1,positive_candidate_from_joongna,중고나라,갤럭시 s25,갤럭시 s25,갤럭시 s25,228060316,갤럭시s25 256_GB 판매합니다!!,650000,판매중,2026-05-04 17:13,https://web.joongna.com/product/228060316,https://img2.joongna.com/media/original/2026/04/29/1777443661758cle_CPibc.jpg?impolicy=thumb&size=150,,통합조회_전체_no_filter_20260507_0536.csv
갤럭시 s25,train_positive_candidate,1,positive_candidate_from_joongna,중고나라,갤럭시 s25,갤럭시 s25,갤럭시 s25,228237807,갤럭시s25 256_GB 판매합니다!!,650000,판매중,2026-05-04 17:12,https://web.joongna.com/product/228237807,https://img2.joongna.com/media/original/2026/05/04/17778796990448rz_wgcYs.jpg?impolicy=thumb&size=150,,통합조회_전체_no_filter_20260507_0536.csv
갤럭시 s25,train_positive_candidate,1,positive_candidate_from_joongna,중고나라,갤럭시 s25,갤럭시 s25,갤럭시 s25,228230723,(미개봉)갤럭시S25 자급제 + 케이스 + 충전기,770000,판매중,2026-05-04 17:03,https://web.joongna.com/product/228230723,https://img2.joongna.com/media/original/2026/05/04/17778690877904Xx_FAZgW.jpg?impolicy=thumb&size=150,,통합조회_전체_no_filter_20260507_0536.csv
갤럭시 s25,train_positive_candidate,1,positive_candidate_from_joongna,중고나라,갤럭시 s25,갤럭시 s25,갤럭시 s25,226228063,갤럭시 s25 엣지 512GB 아이스블루,770000,판매중,2026-05-04 16:58,https://web.joongna.com/product/226228063,https://img2.joongna.com/media/original/2026/03/12/1773315921879mh9_pi1Cm.jpg?impolicy=thumb&size=150,,통합조회_전체_no_filter_20260507_0536.csv
갤럭시 s25,train_positive_candidate,1,positive_candidate_from_joongna,중고나라,갤럭시 s25,갤럭시 s25,갤럭시 s25,228234821,(6537)갤럭시s25엣지 256 s급 깨끗한기기 판매,690000,거래완료,2026-05-04 15:13,https://web.joongna.com/product/228234821,https://img2.joongna.com/media/original/2026/05/04/1777875209180nlx_vGyVR.jpg?impolicy=thumb&size=150,,통합조회_전체_no_filter_20260507_0536.csv
갤럭시 s25,train_positive_candidate,1,positive_candidate_from_joongna,중고나라,갤럭시 s25,갤럭시 s25,갤럭시 s25,228232536,갤럭시 S25 네이비 256G 팝니다,580000,판매중,2026-05-04 14:16,https://web.joongna.com/product/228232536,https://img2.joongna.com/media/original/2026/05/04/1777871759187hhV_rl4Pu.jpg?impolicy=thumb&size=150,,통합조회_전체_no_filter_20260507_0536.csv
갤럭시 s25,train_positive_candidate,1,positive_candidate_from_joongna,중고나라,갤럭시 s25,갤럭시 s25,갤럭시 s25,228230102,갤럭시s25 자급제 미개봉 512GB,600000,거래완료,2026-05-04 14:29,https://web.joongna.com/product/228230102,https://img2.joongna.com/media/original/2026/05/04/1777868110481IPU_FeRXK.jpg?impolicy=thumb&size=150,,통합조회_전체_no_filter_20260507_0536.csv
갤럭시 s25,train_positive_candidate,1,positive_candidate_from_joongna,중고나라,갤럭시 s25,갤럭시 s25,갤럭시 s25,227687528,(신폰급) 갤럭시 S25엣지 256G 아이스블루 25년 8월개통 정상해지 초S급 선물용 70만팝니다@,700000,판매중,2026-05-04 13:13,https://web.joongna.com/product/227687528,https://img2.joongna.com/media/original/2026/04/19/1776583319154BPN_A5ZPn.jpg?impolicy=thumb&size=150,,통합조회_전체_no_filter_20260507_0536.csv
갤럭시 s25,train_positive_candidate,1,positive_candidate_from_joongna,중고나라,갤럭시 s25,갤럭시 s25,갤럭시 s25,228216155,갤럭시 S25 네이비 256GB S급 공기계팝니다,550000,거래완료,2026-05-04 12:36,https://web.joongna.com/product/228216155,https://img2.joongna.com/media/original/2026/05/03/1777820130368IWE_6Xrz2.jpg?impolicy=thumb&size=150,,통합조회_전체_no_filter_20260507_0536.csv
갤럭시 s25,train_positive_candidate,1,positive_candidate_from_joongna,중고나라,갤럭시 s25,갤럭시 s25,갤럭시 s25,228228918,갤럭시 S25 에디터 핏 강화글라스 액정보호필름 11개 일괄 팝니다,5000,판매중,2026-05-04 12:42,https://web.joongna.com/product/228228918,https://img2.joongna.com/media/original/2026/05/04/1777866154610wNl_3VvLQ.jpg?impolicy=thumb&size=150,,통합조회_전체_no_filter_20260507_0536.csv
갤럭시 s25,train_positive_candidate,1,positive_candidate_from_joongna,중고나라,갤럭시 s25,갤럭시 s25,갤럭시 s25,228228605,갤럭시s25 미개봉 자급제 팝니다 512GB,600000,판매중,2026-05-04 12:34,https://web.joongna.com/product/228228605,https://img2.joongna.com/media/original/2026/05/04/1777865649250PgJ_ksEjf.jpg?impolicy=thumb&size=150,,통합조회_전체_no_filter_20260507_0536.csv
갤럭시 s25,train_positive_candidate,1,positive_candidate_from_joongna,중고나라,갤럭시 s25,갤럭시 s25,갤럭시 s25,228110020,(미개봉)갤럭시S25 256GB 자급제 새상품,780000,거래완료,2026-05-04 10:18,https://web.joongna.com/product/228110020,https://img2.joongna.com/media/original/2026/04/30/177755263634428O_G4Mq1.jpg?impolicy=thumb&size=150,,통합조회_전체_no_filter_20260507_0536.csv
갤럭시 s25,train_positive_candidate,1,positive_candidate_from_joongna,중고나라,갤럭시 s25,갤럭시 s25,갤럭시 s25,227350267,갤럭시S25 256기가 전색상 중고폰 공기계 선물폰 최저가 알뜰폰 서브폰,670000,판매중,2026-05-04 10:45,https://web.joongna.com/product/227350267,https://img2.joongna.com/media/original/2026/04/10/1775807928803lxc_Apne8.jpg?impolicy=thumb&size=150,,통합조회_전체_no_filter_20260507_0536.csv
갤럭시 s25,train_positive_candidate,1,positive_candidate_from_joongna,중고나라,갤럭시 s25,갤럭시 s25,갤럭시 s25,226884681,갤럭시S25 패턴 투명 케이스,3000,판매중,2026-05-04 10:11,https://web.joongna.com/product/226884681,https://img2.joongna.com/media/original/2026/03/29/1774777717808wLB_Aoo55.jpg?impolicy=thumb&size=150,,통합조회_전체_no_filter_20260507_0536.csv
갤럭시 s25,train_positive_candidate,1,positive_candidate_from_joongna,중고나라,갤럭시 s25,갤럭시 s25,갤럭시 s25,228139301,갤럭시 S25 512기가 네이비 팝니다 (정상해지),656500,예약중,2026-05-04 09:18,https://web.joongna.com/product/228139301,https://img2.joongna.com/media/original/2026/05/01/1777626467574yUJ_RIPA9.jpg?impolicy=thumb&size=150,,통합조회_전체_no_filter_20260507_0536.csv
갤럭시 s25,train_positive_candidate,1,positive_candidate_from_joongna,중고나라,갤럭시 s25,갤럭시 s25,갤럭시 s25,227744925,갤럭시s25 512기가 팔아요,550000,판매중,2026-05-04 08:05,https://web.joongna.com/product/227744925,https://img2.joongna.com/media/original/2026/04/21/1776718835010CZ3_pWeQp.jpg?impolicy=thumb&size=150,,통합조회_전체_no_filter_20260507_0536.csv
갤럭시 s25,train_positive_candidate,1,positive_candidate_from_joongna,중고나라,갤럭시 s25,갤럭시 s25,갤럭시 s25,228211072,갤럭시 s25 엣지 512gb 자급제 풀박스 팝니다,760000,거래완료,2026-05-04 07:48,https://web.joongna.com/product/228211072,https://img2.joongna.com/media/original/2026/05/03/17778105198744jo_hI9Ro.jpg?impolicy=thumb&size=150,,통합조회_전체_no_filter_20260507_0536.csv
갤럭시 s25,train_positive_candidate,1,positive_candidate_from_joongna,중고나라,갤럭시 s25,갤럭시 s25,갤럭시 s25,228217689,갤럭시 S25엣지 최신폰 512기가 대용량 외관초S급,770000,판매중,2026-05-04 00:49,https://web.joongna.com/product/228217689,https://img2.joongna.com/media/original/2026/05/04/1777823370265c5s_BGVcc.jpg?impolicy=thumb&size=150,,통합조회_전체_no_filter_20260507_0536.csv
갤럭시 s25,train_positive_candidate,1,positive_candidate_from_joongna,중고나라,갤럭시 s25,갤럭시 s25,갤럭시 s25,228216595,갤럭시S25 등급별기기 판매합니다,580000,판매중,2026-05-04 00:05,https://web.joongna.com/product/228216595,https://img2.joongna.com/media/original/2026/05/04/17778207036398gg_uDh3f.jpg?impolicy=thumb&size=150,,통합조회_전체_no_filter_20260507_0536.csv
갤럭시 s25,train_positive_candidate,1,positive_candidate_from_joongna,중고나라,갤럭시 s25,갤럭시 s25,갤럭시 s25,228215344,[60만] S급 갤럭시 S25 FE 256기가,600000,판매중,2026-05-03 23:27,https://web.joongna.com/product/228215344,https://img2.joongna.com/media/original/2026/05/03/1777818431699Jdj_8x9Ed.jpg?impolicy=thumb&size=150,,통합조회_전체_no_filter_20260507_0536.csv
갤럭시 s25,train_positive_candidate,1,positive_candidate_from_joongna,중고나라,갤럭시 s25,갤럭시 s25,갤럭시 s25,228216161,갤럭시 S25 네이비 256GB S급 공기계팝니다,550000,거래완료,2026-05-03 23:55,https://web.joongna.com/product/228216161,https://img2.joongna.com/media/original/2026/05/03/1777820138048B7j_ID3yT.jpg?impolicy=thumb&size=150,,통합조회_전체_no_filter_20260507_0536.csv
갤럭시 s25,train_positive_candidate,1,positive_candidate_from_joongna,중고나라,갤럭시 s25,갤럭시 s25,갤럭시 s25,227539597,갤럭시 s25 엣지 512GB 아이스블루 판매합니다-S급,830000,판매중,2026-05-03 21:39,https://web.joongna.com/product/227539597,https://img2.joongna.com/media/original/2026/04/15/1776237235345cHo_O1AmY.jpg?impolicy=thumb&size=150,,통합조회_전체_no_filter_20260507_0536.csv
갤럭시 s25,train_positive_candidate,1,positive_candidate_from_joongna,중고나라,갤럭시 s25,갤럭시 s25,갤럭시 s25,228211036,갤럭시 s25 fe 유심기변 풀박스,450000,거래완료,2026-05-03 21:14,https://web.joongna.com/product/228211036,https://img2.joongna.com/media/original/2026/05/03/1777810445633Mnj_8Xq5b.jpg?impolicy=thumb&size=150,,통합조회_전체_no_filter_20260507_0536.csv
갤럭시 s25,train_positive_candidate,1,positive_candidate_from_joongna,중고나라,갤럭시 s25,갤럭시 s25,갤럭시 s25,228206055,[68만]S급실버색상 갤럭시S25 256기가,680000,판매중,2026-05-03 18:37,https://web.joongna.com/product/228206055,https://img2.joongna.com/media/original/2026/05/03/1777801049316fh5_7XWu7.jpg?impolicy=thumb&size=150,,통합조회_전체_no_filter_20260507_0536.csv
갤럭시 s25,train_positive_candidate,1,positive_candidate_from_joongna,중고나라,갤럭시 s25,갤럭시 s25,갤럭시 s25,228197948,(자급제)갤럭시 S25 실버 256GB 풀박스! 삼케플 양도가능,650000,거래완료,2026-05-03 15:40,https://web.joongna.com/product/228197948,https://img2.joongna.com/media/original/2026/05/03/1777787148946uhs_ctCEB.jpg?impolicy=thumb&size=150,,통합조회_전체_no_filter_20260507_0536.csv
갤럭시 s25,train_positive_candidate,1,positive_candidate_from_joongna,중고나라,갤럭시 s25,갤럭시 s25,갤럭시 s25,228106255,갤럭시 S25 네이비 256GB S급 공기계팝니다,550000,거래완료,2026-05-03 14:52,https://web.joongna.com/product/228106255,https://img2.joongna.com/media/original/2026/04/30/1777545516342oak_zkEPb.jpg?impolicy=thumb&size=150,,통합조회_전체_no_filter_20260507_0536.csv
갤럭시 s25,train_positive_candidate,1,positive_candidate_from_joongna,중고나라,갤럭시 s25,갤럭시 s25,갤럭시 s25,227607470,*65만* 갤럭시 S25 실버 512기가 25년 2월개통 무잔상 액정무기스 상태깨끗한폰 판매합니다,650000,거래완료,2026-05-03 13:41,https://web.joongna.com/product/227607470,https://img2.joongna.com/media/original/2026/04/17/1776395911670t2R_3RBKJ.jpg?impolicy=thumb&size=150,,통합조회_전체_no_filter_20260507_0536.csv
갤럭시 s25,train_positive_candidate,1,positive_candidate_from_joongna,중고나라,갤럭시 s25,갤럭시 s25,갤럭시 s25,228084311,갤럭시 S25 / S+급 / 4-2,660000,거래완료,2026-05-03 13:31,https://web.joongna.com/product/228084311,https://img2.joongna.com/media/original/2026/04/30/1777507514769fwU_dE26f.jpg?impolicy=thumb&size=150,,통합조회_전체_no_filter_20260507_0536.csv
갤럭시 s25,train_positive_candidate,1,positive_candidate_from_joongna,중고나라,갤럭시 s25,갤럭시 s25,갤럭시 s25,228133668,갤럭시 S25 / S+급 / 4-2,655000,거래완료,2026-05-03 13:39,https://web.joongna.com/product/228133668,https://img2.joongna.com/media/original/2026/05/01/1777617773462TRR_Sj81Y.jpg?impolicy=thumb&size=150,,통합조회_전체_no_filter_20260507_0536.csv
갤럭시 s25,train_positive_candidate,1,positive_candidate_from_joongna,중고나라,갤럭시 s25,갤럭시 s25,갤럭시 s25,227927673,갤럭시 S25 512GB 네이비,720000,거래완료,2026-05-03 10:47,https://web.joongna.com/product/227927673,https://img2.joongna.com/media/original/2026/04/25/1777125139738Zsv_s5Sjs.jpg?impolicy=thumb&size=150,,통합조회_전체_no_filter_20260507_0536.csv
갤럭시 s25,train_positive_candidate,1,positive_candidate_from_joongna,중고나라,갤럭시 s25,갤럭시 s25,갤럭시 s25,228188542,갤럭시S25 FE 256GB,600000,판매중,2026-05-03 09:38,https://web.joongna.com/product/228188542,https://img2.joongna.com/media/original/2026/05/03/1777768737714Hpq_dIXWN.jpg?impolicy=thumb&size=150,,통합조회_전체_no_filter_20260507_0536.csv
갤럭시 s25,train_positive_candidate,1,positive_candidate_from_joongna,중고나라,갤럭시 s25,갤럭시 s25,갤럭시 s25,228185597,[74만]업무용S급 갤럭시S25엣지 256블랙,740000,판매중,2026-05-03 04:09,https://web.joongna.com/product/228185597,https://img2.joongna.com/media/original/2026/05/03/1777748946962yk4_ck1Yf.jpg?impolicy=thumb&size=150,,통합조회_전체_no_filter_20260507_0536.csv
갤럭시 s25,train_positive_candidate,1,positive_candidate_from_joongna,중고나라,갤럭시 s25,갤럭시 s25,갤럭시 s25,228184756,[73만]S급 갤럭시S25엣지 256기가 럭셔리폰,730000,판매중,2026-05-03 01:44,https://web.joongna.com/product/228184756,https://img2.joongna.com/media/original/2026/05/03/1777740265590yhh_C2htx.jpg?impolicy=thumb&size=150,,통합조회_전체_no_filter_20260507_0536.csv
갤럭시 s25,train_positive_candidate,1,positive_candidate_from_joongna,중고나라,갤럭시 s25,갤럭시 s25,갤럭시 s25,228183896,갤럭시 S25엣지 최신폰 512기가 대용량 외관초S급,770000,판매중,2026-05-03 00:34,https://web.joongna.com/product/228183896,https://img2.joongna.com/media/original/2026/05/03/17777360308862Ce_okb6z.jpg?impolicy=thumb&size=150,,통합조회_전체_no_filter_20260507_0536.csv
갤럭시 s25,train_positive_candidate,1,positive_candidate_from_joongna,중고나라,갤럭시 s25,갤럭시 s25,갤럭시 s25,228183243,갤럭시S25 등급별기기 판매합니다,580000,판매중,2026-05-03 00:06,https://web.joongna.com/product/228183243,https://img2.joongna.com/media/original/2026/05/03/1777734400619isG_0Ctif.jpg?impolicy=thumb&size=150,,통합조회_전체_no_filter_20260507_0536.csv
갤럭시 s25,train_positive_candidate,1,positive_candidate_from_joongna,중고나라,갤럭시 s25,갤럭시 s25,갤럭시 s25,228135319,갤럭시 S25 256GB 깔끔 저렴 정상해지,630000,예약중,2026-05-02 22:11,https://web.joongna.com/product/228135319,https://img2.joongna.com/media/original/2026/05/01/1777620312448AMA_b1Uix.jpg?impolicy=thumb&size=150,,통합조회_전체_no_filter_20260507_0536.csv
갤럭시 s25,train_positive_candidate,1,positive_candidate_from_joongna,중고나라,갤럭시 s25,갤럭시 s25,갤럭시 s25,228179864,갤럭시s25 정품 실리콘 케이스 및 관련 물품팝니다.,30000,거래완료,2026-05-02 22:06,https://web.joongna.com/product/228179864,https://img2.joongna.com/media/original/2026/05/02/17777271639466f8_wzQWp.jpg?impolicy=thumb&size=150,,통합조회_전체_no_filter_20260507_0536.csv
갤럭시 s25,train_positive_candidate,1,positive_candidate_from_joongna,중고나라,갤럭시 s25,갤럭시 s25,갤럭시 s25,228180549,갤럭시 S25 256GB 실버 판매합니다[65만],650000,판매중,2026-05-02 22:29,https://web.joongna.com/product/228180549,https://img2.joongna.com/media/original/2026/05/02/1777728576881J8k_AFksS.jpg?impolicy=thumb&size=150,,통합조회_전체_no_filter_20260507_0536.csv
갤럭시 s25,train_positive_candidate,1,positive_candidate_from_joongna,중고나라,갤럭시 s25,갤럭시 s25,갤럭시 s25,228135408,갤럭시 S25 256GB 깔끔 저렴 정상해지,630000,예약중,2026-05-02 22:11,https://web.joongna.com/product/228135408,https://img2.joongna.com/media/original/2026/05/01/1777620446378tgA_qJNTt.jpg?impolicy=thumb&size=150,,통합조회_전체_no_filter_20260507_0536.csv
갤럭시 s25,train_positive_candidate,1,positive_candidate_from_joongna,중고나라,갤럭시 s25,갤럭시 s25,갤럭시 s25,228135363,갤럭시 S25 256GB 깔끔 저렴 정상해지,630000,예약중,2026-05-02 22:11,https://web.joongna.com/product/228135363,https://img2.joongna.com/media/original/2026/05/01/17776203806957bF_Kh9wO.jpg?impolicy=thumb&size=150,,통합조회_전체_no_filter_20260507_0536.csv
갤럭시 s25,train_positive_candidate,1,positive_candidate_from_joongna,중고나라,갤럭시 s25,갤럭시 s25,갤럭시 s25,228179979,미개봉 새제품 삼성전자 갤럭시 S25 FE 256GB,770000,예약중,2026-05-02 22:10,https://web.joongna.com/product/228179979,https://img2.joongna.com/media/original/2026/05/02/1777727437443KHa_NyP2A.jpg?impolicy=thumb&size=150,,통합조회_전체_no_filter_20260507_0536.csv
갤럭시 s25,train_positive_candidate,1,positive_candidate_from_joongna,중고나라,갤럭시 s25,갤럭시 s25,갤럭시 s25,227834238,갤럭시 S25 실버 256G,670000,판매중,2026-05-02 17:08,https://web.joongna.com/product/227834238,https://img2.joongna.com/media/original/2026/04/23/1776917565882GLf_KvES7.jpg?impolicy=thumb&size=150,,통합조회_전체_no_filter_20260507_0536.csv
갤럭시 s25,train_positive_candidate,1,positive_candidate_from_joongna,중고나라,갤럭시 s25,갤럭시 s25,갤럭시 s25,228164919,특가 S급) 갤럭시 S25 512G,680000,거래완료,2026-05-02 14:16,https://web.joongna.com/product/228164919,https://img2.joongna.com/media/original/2026/05/02/17776989341611bt_RsTd4.jpg?impolicy=thumb&size=150,,통합조회_전체_no_filter_20260507_0536.csv
갤럭시 s25,train_positive_candidate,1,positive_candidate_from_joongna,중고나라,갤럭시 s25,갤럭시 s25,갤럭시 s25,228092185,갤럭시s25 512기가 자급제 잔상없어요,450000,예약중,2026-05-02 13:54,https://web.joongna.com/product/228092185,https://img2.joongna.com/media/original/2026/04/30/1777521271192P8l_j9raX.jpg?impolicy=thumb&size=150,,통합조회_전체_no_filter_20260507_0536.csv
갤럭시 s25,train_positive_candidate,1,positive_candidate_from_joongna,중고나라,갤럭시 s25,갤럭시 s25,갤럭시 s25,226169169,갤럭시 S25엣지 256GB 블랙색상,800000,판매중,2026-05-02 13:11,https://web.joongna.com/product/226169169,https://img2.joongna.com/media/original/2026/03/11/1773202025409tjz_mVLZc.jpg?impolicy=thumb&size=150,,통합조회_전체_no_filter_20260507_0536.csv
갤럭시 s25,train_positive_candidate,1,positive_candidate_from_joongna,중고나라,갤럭시 s25,갤럭시 s25,갤럭시 s25,228160817,갤럭시s25 실버쉐도우 256,966184,거래완료,2026-05-02 12:08,https://web.joongna.com/product/228160817,https://img2.joongna.com/media/original/2026/05/02/177769130527535o_IzUON.jpg?impolicy=thumb&size=150,,통합조회_전체_no_filter_20260507_0536.csv
갤럭시 s25,train_positive_candidate,1,positive_candidate_from_joongna,중고나라,갤럭시 s25,갤럭시 s25,갤럭시 s25,228030084,갤럭시 S25엣지 A급 256g,670000,거래완료,2026-05-02 11:47,https://web.joongna.com/product/228030084,https://img2.joongna.com/media/original/2026/04/28/1777370523389FY3_3t2fT.jpg?impolicy=thumb&size=150,,통합조회_전체_no_filter_20260507_0536.csv
갤럭시 s25,train_positive_candidate,1,positive_candidate_from_joongna,중고나라,갤럭시 s25,갤럭시 s25,갤럭시 s25,227802559,삼성 자급제 갤럭시S25 512GB 실버쉐도우 S급 풀,850000,거래완료,2026-05-02 10:08,https://web.joongna.com/product/227802559,https://img2.joongna.com/media/original/2026/04/22/1776841230069QCU_Yy3qs.jpg?impolicy=thumb&size=150,,통합조회_전체_no_filter_20260507_0536.csv
갤럭시 s25,train_positive_candidate,1,positive_candidate_from_joongna,중고나라,갤럭시 s25,갤럭시 s25,갤럭시 s25,228076902,갤럭시 S25 512기가 아이스블루 자급제(S급),750000,거래완료,2026-05-02 09:09,https://web.joongna.com/product/228076902,https://img2.joongna.com/media/original/2026/04/30/1777514907219Vkb_geXE9.jpg?impolicy=thumb&size=150,,통합조회_전체_no_filter_20260507_0536.csv
갤럭시 s25,train_positive_candidate,1,positive_candidate_from_joongna,중고나라,갤럭시 s25,갤럭시 s25,갤럭시 s25,228005552,[S급] 갤럭시 S25 512GB 실버,770000,거래완료,2026-05-02 06:50,https://web.joongna.com/product/228005552,https://img2.joongna.com/media/original/2026/04/28/17773231391781Ne_4WEaM.jpg?impolicy=thumb&size=150,,통합조회_전체_no_filter_20260507_0536.csv
갤럭시 s25,train_positive_candidate,1,positive_candidate_from_joongna,중고나라,갤럭시 s25,갤럭시 s25,갤럭시 s25,228150165,갤럭시S25 등급별기기 판매합니다,580000,판매중,2026-05-02 00:06,https://web.joongna.com/product/228150165,https://img2.joongna.com/media/original/2026/05/02/17776480066194PS_X2Y2A.jpg?impolicy=thumb&size=150,,통합조회_전체_no_filter_20260507_0536.csv
갤럭시 s25,train_positive_candidate,1,positive_candidate_from_joongna,중고나라,갤럭시 s25,갤럭시 s25,갤럭시 s25,228149988,갤럭시S25 등급별기기 판매합니다,580000,판매중,2026-05-02 00:00,https://web.joongna.com/product/228149988,https://img2.joongna.com/media/original/2026/05/02/1777647608560KaZ_pDTPx.jpg?impolicy=thumb&size=150,,통합조회_전체_no_filter_20260507_0536.csv
갤럭시 s25,train_positive_candidate,1,positive_candidate_from_joongna,중고나라,갤럭시 s25,갤럭시 s25,갤럭시 s25,228138658,[새상품] 갤럭시 S25 투명 케이스,4000,판매중,2026-05-01 17:50,https://web.joongna.com/product/228138658,https://img2.joongna.com/media/original/2026/05/01/1777625403320hq9_nZzRE.jpg?impolicy=thumb&size=150,,통합조회_전체_no_filter_20260507_0536.csv
갤럭시 s25,train_positive_candidate,1,positive_candidate_from_joongna,중고나라,갤럭시 s25,갤럭시 s25,갤럭시 s25,228138253,특s 갤럭시s25 토이스토리 한정판 내용필독,630000,거래완료,2026-05-01 17:38,https://web.joongna.com/product/228138253,https://img2.joongna.com/media/original/2026/05/01/1777624732351Qbm_P92NM.jpg?impolicy=thumb&size=150,,통합조회_전체_no_filter_20260507_0536.csv
갤럭시 s25,train_positive_candidate,1,positive_candidate_from_joongna,중고나라,갤럭시 s25,갤럭시 s25,갤럭시 s25,228138564,갤럭시 S25 256GB 실버 판매합니다[65만],650000,판매중,2026-05-01 17:47,https://web.joongna.com/product/228138564,https://img2.joongna.com/media/original/2026/05/01/1777625245527mmN_QqCgD.jpg?impolicy=thumb&size=150,,통합조회_전체_no_filter_20260507_0536.csv
갤럭시 s25,train_positive_candidate,1,positive_candidate_from_joongna,중고나라,갤럭시 s25,갤럭시 s25,갤럭시 s25,228132463,갤럭시S25 블루 256기가 급처판매,500000,판매중,2026-05-01 15:10,https://web.joongna.com/product/228132463,https://img2.joongna.com/media/original/2026/05/01/1777615827561wVx_Bquja.jpg?impolicy=thumb&size=150,,통합조회_전체_no_filter_20260507_0536.csv
갤럭시 s25,train_positive_candidate,1,positive_candidate_from_joongna,중고나라,갤럭시 s25,갤럭시 s25,갤럭시 s25,227765611,갤럭시 S25 / S+급 / 4-34,650000,거래완료,2026-05-01 15:12,https://web.joongna.com/product/227765611,https://img2.joongna.com/media/original/2026/04/21/1776757978984Dtb_kxna9.jpg?impolicy=thumb&size=150,,통합조회_전체_no_filter_20260507_0536.csv
갤럭시 s25,train_positive_candidate,1,positive_candidate_from_joongna,중고나라,갤럭시 s25,갤럭시 s25,갤럭시 s25,227879316,갤럭시 S25 / S급 / 4-38,690000,거래완료,2026-05-01 15:36,https://web.joongna.com/product/227879316,https://img2.joongna.com/media/original/2026/04/24/1777015053892gDN_hu2xu.jpg?impolicy=thumb&size=150,,통합조회_전체_no_filter_20260507_0536.csv
갤럭시 s25,train_positive_candidate,1,positive_candidate_from_joongna,중고나라,갤럭시 s25,갤럭시 s25,갤럭시 s25,227870926,갤럭시 S25 / S급 / 4-38,710000,거래완료,2026-05-01 15:13,https://web.joongna.com/product/227870926,https://img2.joongna.com/media/original/2026/04/24/1777001972341Awe_tarUR.jpg?impolicy=thumb&size=150,,통합조회_전체_no_filter_20260507_0536.csv
갤럭시 s25,train_positive_candidate,1,positive_candidate_from_joongna,중고나라,갤럭시 s25,갤럭시 s25,갤럭시 s25,228106306,[대전 중고폰] 갤럭시 S25 256GB 민트 / S급 / 실사진 / 409456,660000,거래완료,2026-05-01 10:55,https://web.joongna.com/product/228106306,https://img2.joongna.com/media/original/2026/04/30/17775454185017jD_paRki.jpg?impolicy=thumb&size=150,,통합조회_전체_no_filter_20260507_0536.csv
갤럭시 s25,train_positive_candidate,1,positive_candidate_from_joongna,중고나라,갤럭시 s25,갤럭시 s25,갤럭시 s25,228036781,갤럭시s25엣지 티타늄 블루s급,700000,거래완료,2026-05-01 07:37,https://web.joongna.com/product/228036781,https://img2.joongna.com/media/original/2026/04/28/1777381362287cqA_WZV1v.jpg?impolicy=thumb&size=150,,통합조회_전체_no_filter_20260507_0536.csv
갤럭시 s25,train_positive_candidate,1,positive_candidate_from_joongna,중고나라,갤럭시 s25,갤럭시 s25,갤럭시 s25,228117377,[68만]S급 갤럭시S25 256기가 전색상,680000,판매중,2026-05-01 03:54,https://web.joongna.com/product/228117377,https://img2.joongna.com/media/original/2026/05/01/1777575245019nbJ_jhidF.jpg?impolicy=thumb&size=150,,통합조회_전체_no_filter_20260507_0536.csv
갤럭시 s25,train_positive_candidate,1,positive_candidate_from_joongna,중고나라,갤럭시 s25,갤럭시 s25,갤럭시 s25,228116268,[72만]S급 업무용 갤럭시S25 [512기가],720000,판매중,2026-05-01 01:29,https://web.joongna.com/product/228116268,https://img2.joongna.com/media/original/2026/05/01/1777566531394Ayk_iN0Nw.jpg?impolicy=thumb&size=150,,통합조회_전체_no_filter_20260507_0536.csv
갤럭시 s25,train_positive_candidate,1,positive_candidate_from_joongna,중고나라,갤럭시 s25,갤럭시 s25,갤럭시 s25,228114388,갤럭시S25 등급별기기 판매합니다,580000,판매중,2026-05-01 00:01,https://web.joongna.com/product/228114388,https://img2.joongna.com/media/original/2026/05/01/1777561268139qlx_Ffz6p.jpg?impolicy=thumb&size=150,,통합조회_전체_no_filter_20260507_0536.csv
갤럭시 s25,train_positive_candidate,1,positive_candidate_from_joongna,중고나라,갤럭시 s25,갤럭시 s25,갤럭시 s25,228112673,[68만]S급 업무용 갤럭시S25 [256기가],680000,판매중,2026-04-30 23:03,https://web.joongna.com/product/228112673,https://img2.joongna.com/media/original/2026/04/30/1777557821871QMt_Dp12z.jpg?impolicy=thumb&size=150,,통합조회_전체_no_filter_20260507_0536.csv
갤럭시 s25,train_positive_candidate,1,positive_candidate_from_joongna,중고나라,갤럭시 s25,갤럭시 s25,갤럭시 s25,223290524,갤럭시s25 폰케이스 산리오 시나모롤,9000,판매중,2026-04-30 20:01,https://web.joongna.com/product/223290524,https://img2.joongna.com/media/original/2025/12/23/1766472870079LtH_odwjw.jpg?impolicy=thumb&size=150,,통합조회_전체_no_filter_20260507_0536.csv
갤럭시 s25,train_positive_candidate,1,positive_candidate_from_joongna,중고나라,갤럭시 s25,갤럭시 s25,갤럭시 s25,228106890,신품급) 갤럭시 S25 엣지_256G,690000,거래완료,2026-04-30 20:02,https://web.joongna.com/product/228106890,https://img2.joongna.com/media/original/2026/04/30/1777546892809fW7_QrwiN.jpg?impolicy=thumb&size=150,,통합조회_전체_no_filter_20260507_0536.csv
갤럭시 s25,train_positive_candidate,1,positive_candidate_from_joongna,중고나라,갤럭시 s25,갤럭시 s25,갤럭시 s25,228105256,갤럭시 S25 512GB 정상해지 공기계,480000,판매중,2026-04-30 19:07,https://web.joongna.com/product/228105256,https://img2.joongna.com/media/original/2026/04/30/1777543655754VF9_xMK2o.jpg?impolicy=thumb&size=150,,통합조회_전체_no_filter_20260507_0536.csv
갤럭시 s25,train_positive_candidate,1,positive_candidate_from_joongna,중고나라,갤럭시 s25,갤럭시 s25,갤럭시 s25,228106551,갤럭시 S25 급처 판매 새폰급,690000,판매중,2026-04-30 19:49,https://web.joongna.com/product/228106551,https://img2.joongna.com/media/original/2026/04/30/1777546168106llf_VGbyy.jpg?impolicy=thumb&size=150,,통합조회_전체_no_filter_20260507_0536.csv
갤럭시 s25,train_positive_candidate,1,positive_candidate_from_joongna,중고나라,갤럭시 s25,갤럭시 s25,갤럭시 s25,228100137,갤럭시 S25 실버 256G,670000,판매중,2026-04-30 16:41,https://web.joongna.com/product/228100137,https://img2.joongna.com/media/original/2026/04/30/1777534869929APA_M2ELA.jpg?impolicy=thumb&size=150,,통합조회_전체_no_filter_20260507_0536.csv
갤럭시 s25,train_positive_candidate,1,positive_candidate_from_joongna,중고나라,갤럭시 s25,갤럭시 s25,갤럭시 s25,228098263,(6403)갤럭시s25엣지 256 s급 깨끗한기기 판매,670000,거래완료,2026-04-30 15:49,https://web.joongna.com/product/228098263,https://img2.joongna.com/media/original/2026/04/30/1777531748357tvK_rkY3U.jpg?impolicy=thumb&size=150,,통합조회_전체_no_filter_20260507_0536.csv
갤럭시 s25,train_positive_candidate,1,positive_candidate_from_joongna,중고나라,갤럭시 s25,갤럭시 s25,갤럭시 s25,228095895,(62만원) 갤럭시S25 아이스블루 256G 미파손 무잔상 단말기 정상해지 완료,620000,판매중,2026-04-30 14:40,https://web.joongna.com/product/228095895,https://img2.joongna.com/media/original/2026/04/30/1777527598175T7R_Rdl5g.jpg?impolicy=thumb&size=150,,통합조회_전체_no_filter_20260507_0536.csv
갤럭시 s25,train_positive_candidate,1,positive_candidate_from_joongna,중고나라,갤럭시 s25,갤럭시 s25,갤럭시 s25,227824833,갤럭시 S25엣지 256G 팔아요[72만],720000,판매중,2026-04-30 14:38,https://web.joongna.com/product/227824833,https://img2.joongna.com/media/original/2026/04/23/1776900488039GtX_OPzLw.jpg?impolicy=thumb&size=150,,통합조회_전체_no_filter_20260507_0536.csv
갤럭시 s25,train_positive_candidate,1,positive_candidate_from_joongna,중고나라,갤럭시 s25,갤럭시 s25,갤럭시 s25,228095184,삼성 갤럭시 S25 256gb 실버 ／ 중고폰업무폰저가폰세컨폰공기계게임폰효도폰게임폰알뜰폰,655000,거래완료,2026-04-30 14:20,https://web.joongna.com/product/228095184,https://img2.joongna.com/media/original/2026/04/30/1777526395005tlX_AClqj.jpg?impolicy=thumb&size=150,,통합조회_전체_no_filter_20260507_0536.csv
갤럭시 s25,train_positive_candidate,1,positive_candidate_from_joongna,중고나라,갤럭시 s25,갤럭시 s25,갤럭시 s25,227782422,갤럭시 S25 256G 색상별로 판매합니다[66만],660000,판매중,2026-04-30 14:39,https://web.joongna.com/product/227782422,https://img2.joongna.com/media/original/2026/04/22/1776788873497kTc_nyJz5.jpg?impolicy=thumb&size=150,,통합조회_전체_no_filter_20260507_0536.csv
갤럭시 s25,train_positive_candidate,1,positive_candidate_from_joongna,중고나라,갤럭시 s25,갤럭시 s25,갤럭시 s25,228093221,[68만]S급 갤럭시S25 256기가 네이비,680000,판매중,2026-04-30 13:25,https://web.joongna.com/product/228093221,https://img2.joongna.com/media/original/2026/04/30/1777523096380sKh_j4qPl.jpg?impolicy=thumb&size=150,,통합조회_전체_no_filter_20260507_0536.csv
갤럭시 s25,train_positive_candidate,1,positive_candidate_from_joongna,중고나라,갤럭시 s25,갤럭시 s25,갤럭시 s25,228063197,갤럭시s25 256_GB 판매합니다!!,650000,판매중,2026-04-30 12:57,https://web.joongna.com/product/228063197,https://img2.joongna.com/media/original/2026/04/29/1777447942090CzM_l1bPt.jpg?impolicy=thumb&size=150,,통합조회_전체_no_filter_20260507_0536.csv
갤럭시 s25,train_positive_candidate,1,positive_candidate_from_joongna,중고나라,갤럭시 s25,갤럭시 s25,갤럭시 s25,228090250,갤럭시 s25엣지 슈피겐 맥세이프 케이스 2종 미사용,40000,판매중,2026-04-30 12:03,https://web.joongna.com/product/228090250,https://img2.joongna.com/media/original/2026/04/30/17775181821921vY_qRF4T.jpg?impolicy=thumb&size=150,,통합조회_전체_no_filter_20260507_0536.csv
갤럭시 s25,train_positive_candidate,1,positive_candidate_from_joongna,중고나라,갤럭시 s25,갤럭시 s25,갤럭시 s25,228089148,갤럭시 S25 그라데이션 링케이스 핑크,7000,판매중,2026-04-30 11:33,https://web.joongna.com/product/228089148,https://img2.joongna.com/media/original/2026/04/30/17775163997252Hq_FvCdl.jpg?impolicy=thumb&size=150,,통합조회_전체_no_filter_20260507_0536.csv
갤럭시 s25,train_positive_candidate,1,positive_candidate_from_joongna,중고나라,갤럭시 s25,갤럭시 s25,갤럭시 s25,228087924,[68만] 갤럭시S25 256기가 네이비,680000,판매중,2026-04-30 11:00,https://web.joongna.com/product/228087924,https://img2.joongna.com/media/original/2026/04/30/1777514407210otq_TcCNu.jpg?impolicy=thumb&size=150,,통합조회_전체_no_filter_20260507_0536.csv
갤럭시 s25,train_positive_candidate,1,positive_candidate_from_joongna,중고나라,갤럭시 s25,갤럭시 s25,갤럭시 s25,227976357,갤럭시 S25엣지 / 특S급 / 4-52,700000,거래완료,2026-04-30 09:09,https://web.joongna.com/product/227976357,https://img2.joongna.com/media/original/2026/04/27/17772595019358MP_sYaDu.jpg?impolicy=thumb&size=150,,통합조회_전체_no_filter_20260507_0536.csv
갤럭시 s25,train_positive_candidate,1,positive_candidate_from_joongna,중고나라,갤럭시 s25,갤럭시 s25,갤럭시 s25,227736426,갤럭시 S25 / S+급 / 4-2,655000,거래완료,2026-04-30 09:08,https://web.joongna.com/product/227736426,https://img2.joongna.com/media/original/2026/04/20/1776687447417rdY_V6y2H.jpg?impolicy=thumb&size=150,,통합조회_전체_no_filter_20260507_0536.csv
갤럭시 s25,train_positive_candidate,1,positive_candidate_from_joongna,중고나라,갤럭시 s25,갤럭시 s25,갤럭시 s25,227767632,갤럭시 S25 / S+급 / 4-34,650000,거래완료,2026-04-30 09:08,https://web.joongna.com/product/227767632,https://img2.joongna.com/media/original/2026/04/21/1776761057603B1N_4hR2f.jpg?impolicy=thumb&size=150,,통합조회_전체_no_filter_20260507_0536.csv
갤럭시 s25,train_positive_candidate,1,positive_candidate_from_joongna,중고나라,갤럭시 s25,갤럭시 s25,갤럭시 s25,227976295,갤럭시 S25엣지 / 특S급 / 4-52,700000,거래완료,2026-04-30 09:04,https://web.joongna.com/product/227976295,https://img2.joongna.com/media/original/2026/04/27/1777259361793wfz_0KW8L.jpg?impolicy=thumb&size=150,,통합조회_전체_no_filter_20260507_0536.csv
갤럭시 s25,train_positive_candidate,1,positive_candidate_from_joongna,중고나라,갤럭시 s25,갤럭시 s25,갤럭시 s25,228083644,[72만]S급 갤럭시S25 512기가 네이비,720000,판매중,2026-04-30 08:34,https://web.joongna.com/product/228083644,https://img2.joongna.com/media/original/2026/04/30/1777505686622BMy_LigLm.jpg?impolicy=thumb&size=150,,통합조회_전체_no_filter_20260507_0536.csv
갤럭시 s25,train_positive_candidate,1,positive_candidate_from_joongna,중고나라,갤럭시 s25,갤럭시 s25,갤럭시 s25,228080748,갤럭시 S25엣지 최신폰 512기가 대용량 외관초S급,770000,판매중,2026-04-30 02:00,https://web.joongna.com/product/228080748,https://img2.joongna.com/media/original/2026/04/30/17774820003397yb_hwNKC.jpg?impolicy=thumb&size=150,,통합조회_전체_no_filter_20260507_0536.csv
갤럭시 s25,train_positive_candidate,1,positive_candidate_from_joongna,중고나라,갤럭시 s25,갤럭시 s25,갤럭시 s25,228078928,갤럭시S25 등급별기기 판매합니다,580000,판매중,2026-04-30 00:01,https://web.joongna.com/product/228078928,https://img2.joongna.com/media/original/2026/04/30/1777474897323K2K_YlEQ8.jpg?impolicy=thumb&size=150,,통합조회_전체_no_filter_20260507_0536.csv
갤럭시 s25,train_positive_candidate,1,positive_candidate_from_joongna,중고나라,갤럭시 s25,갤럭시 s25,갤럭시 s25,228065831,최상급)갤럭시 S25 실버 256G,660000,거래완료,2026-04-29 17:40,https://web.joongna.com/product/228065831,https://img2.joongna.com/media/original/2026/04/29/1777451942319bUI_i85CF.jpg?impolicy=thumb&size=150,,통합조회_전체_no_filter_20260507_0536.csv
갤럭시 s25,train_positive_candidate,1,positive_candidate_from_joongna,중고나라,갤럭시 s25,갤럭시 s25,갤럭시 s25,228065566,갤럭시S25 256기가 실버 (새제품급) / 0427,730000,판매중,2026-04-29 17:33,https://web.joongna.com/product/228065566,https://img2.joongna.com/media/original/2026/04/29/1777451613368ean_8F5D3.jpg?impolicy=thumb&size=150,,통합조회_전체_no_filter_20260507_0536.csv
갤럭시 s25,train_positive_candidate,1,positive_candidate_from_joongna,중고나라,갤럭시 s25,갤럭시 s25,갤럭시 s25,228064882,(62만원)갤럭시S25 실버 256G 깨끗한 AAA급 단말기 정상해지 완료,620000,판매중,2026-04-29 17:16,https://web.joongna.com/product/228064882,https://img2.joongna.com/media/original/2026/04/29/1777450582387b2B_WB4Re.jpg?impolicy=thumb&size=150,,통합조회_전체_no_filter_20260507_0536.csv
갤럭시 s25,train_positive_candidate,1,positive_candidate_from_joongna,중고나라,갤럭시 s25,갤럭시 s25,갤럭시 s25,226763650,갤럭시 s25 실버 512기가 무기스 자급제,760000,예약중,2026-04-29 15:24,https://web.joongna.com/product/226763650,https://img2.joongna.com/media/original/2026/03/26/1774505485503SH1_D2xkP.jpg?impolicy=thumb&size=150,,통합조회_전체_no_filter_20260507_0536.csv
갤럭시 s25,train_positive_candidate,1,positive_candidate_from_joongna,중고나라,갤럭시 s25,갤럭시 s25,갤럭시 s25,228061162,[80만]갤럭시S25엣지 512기가 무찍힘 무기스 S급 기기입니다,800000,판매중,2026-04-29 15:41,https://web.joongna.com/product/228061162,https://img2.joongna.com/media/original/2026/04/29/1777444886647RcX_LtmmN.jpg?impolicy=thumb&size=150,,통합조회_전체_no_filter_20260507_0536.csv
갤럭시 s25,train_positive_candidate,1,positive_candidate_from_joongna,중고나라,갤럭시 s25,갤럭시 s25,갤럭시 s25,228058951,갤럭시 S25 엣지 512 블랙 자급제 +삼케플 양도,900000,거래완료,2026-04-29 14:45,https://web.joongna.com/product/228058951,https://img2.joongna.com/media/original/2026/04/29/177744154185677n_uXFqk.jpg?impolicy=thumb&size=150,,통합조회_전체_no_filter_20260507_0536.csv
갤럭시 s25,train_positive_candidate,1,positive_candidate_from_joongna,중고나라,갤럭시 s25,갤럭시 s25,갤럭시 s25,227876128,갤럭시S25,630000,거래완료,2026-04-29 13:13,https://web.joongna.com/product/227876128,https://img2.joongna.com/media/original/2026/04/24/1777010153752ahe_9VzUk.jpg?impolicy=thumb&size=150,,통합조회_전체_no_filter_20260507_0536.csv
갤럭시 s25,train_positive_candidate,1,positive_candidate_from_joongna,중고나라,갤럭시 s25,갤럭시 s25,갤럭시 s25,228020222,갤럭시 S25 / S급 / 4-51,690000,거래완료,2026-04-29 12:25,https://web.joongna.com/product/228020222,https://img2.joongna.com/media/original/2026/04/28/1777355126159psW_ObeD5.jpg?impolicy=thumb&size=150,,통합조회_전체_no_filter_20260507_0536.csv
갤럭시 s25,train_positive_candidate,1,positive_candidate_from_joongna,중고나라,갤럭시 s25,갤럭시 s25,갤럭시 s25,228020188,갤럭시 S25 / S급 / 4-51,680000,거래완료,2026-04-29 12:20,https://web.joongna.com/product/228020188,https://img2.joongna.com/media/original/2026/04/28/1777355048325BqQ_bkAai.jpg?impolicy=thumb&size=150,,통합조회_전체_no_filter_20260507_0536.csv
갤럭시 s25,train_positive_candidate,1,positive_candidate_from_joongna,중고나라,갤럭시 s25,갤럭시 s25,갤럭시 s25,227676055,갤럭시 S25 / S+급 / 4-2,660000,거래완료,2026-04-29 12:16,https://web.joongna.com/product/227676055,https://img2.joongna.com/media/original/2026/04/19/1776564035200aDc_QEAmI.jpg?impolicy=thumb&size=150,,통합조회_전체_no_filter_20260507_0536.csv
갤럭시 s25,train_positive_candidate,1,positive_candidate_from_joongna,중고나라,갤럭시 s25,갤럭시 s25,갤럭시 s25,228053079,(5620)갤럭시s25엣지 256 s급 깨끗한기기 판매,650000,거래완료,2026-04-29 12:13,https://web.joongna.com/product/228053079,https://img2.joongna.com/media/original/2026/04/29/1777432409447VLA_KWWoc.jpg?impolicy=thumb&size=150,,통합조회_전체_no_filter_20260507_0536.csv
갤럭시 s25,train_positive_candidate,1,positive_candidate_from_joongna,중고나라,갤럭시 s25,갤럭시 s25,갤럭시 s25,228011470,(6356)갤럭시s25엣지 s급 깨끗한기기 판매,670000,판매중,2026-04-29 11:51,https://web.joongna.com/product/228011470,https://img2.joongna.com/media/original/2026/04/28/1777341342870pLU_D7zSk.jpg?impolicy=thumb&size=150,,통합조회_전체_no_filter_20260507_0536.csv
갤럭시 s25,train_positive_candidate,1,positive_candidate_from_joongna,중고나라,갤럭시 s25,갤럭시 s25,갤럭시 s25,228049968,[66만]갤럭시S25 네이비 256기가 선물폰 효도폰 자녀폰,660000,판매중,2026-04-29 10:52,https://web.joongna.com/product/228049968,https://img2.joongna.com/media/original/2026/04/29/1777427532507S4r_ZJODs.jpg?impolicy=thumb&size=150,,통합조회_전체_no_filter_20260507_0536.csv
갤럭시 s25,train_positive_candidate,1,positive_candidate_from_joongna,중고나라,갤럭시 s25,갤럭시 s25,갤럭시 s25,227759852,[대전 중고폰] 갤럭시 S25 256GB 실버 / S급 / 실물촬영 / 매장운영 409563,640000,거래완료,2026-04-29 10:25,https://web.joongna.com/product/227759852,https://img2.joongna.com/media/original/2026/04/21/17767492995892YN_0vqxD.jpg?impolicy=thumb&size=150,,통합조회_전체_no_filter_20260507_0536.csv
갤럭시 s25,train_positive_candidate,1,positive_candidate_from_joongna,중고나라,갤럭시 s25,갤럭시 s25,갤럭시 s25,227760027,[대전 중고폰] 갤럭시 S25 256GB 아이스블루 / S급 / 실물촬영 / 매장운영 414838,650000,거래완료,2026-04-29 10:25,https://web.joongna.com/product/227760027,https://img2.joongna.com/media/original/2026/04/21/1776749617874tTh_iyZuI.jpg?impolicy=thumb&size=150,,통합조회_전체_no_filter_20260507_0536.csv
갤럭시 s25,train_positive_candidate,1,positive_candidate_from_joongna,중고나라,갤럭시 s25,갤럭시 s25,갤럭시 s25,228045545,갤럭시 S25엣지 최신폰 512기가 대용량 외관초S급,770000,판매중,2026-04-29 08:16,https://web.joongna.com/product/228045545,https://img2.joongna.com/media/original/2026/04/29/1777418166021ixY_avrOW.jpg?impolicy=thumb&size=150,,통합조회_전체_no_filter_20260507_0536.csv
갤럭시 s25,train_positive_candidate,1,positive_candidate_from_joongna,중고나라,갤럭시 s25,갤럭시 s25,갤럭시 s25,228042056,[70만]S급 갤럭시S25네이비512기가 선물폰 세컨폰,700000,판매중,2026-04-29 01:13,https://web.joongna.com/product/228042056,https://img2.joongna.com/media/original/2026/04/29/1777392804424OyW_93g5N.jpg?impolicy=thumb&size=150,,통합조회_전체_no_filter_20260507_0536.csv
갤럭시 s25,train_positive_candidate,1,positive_candidate_from_joongna,중고나라,갤럭시 s25,갤럭시 s25,갤럭시 s25,228040614,갤럭시s25 네이비 s급,690000,거래완료,2026-04-29 00:02,https://web.joongna.com/product/228040614,https://img2.joongna.com/media/original/2026/04/29/1777388557818Jg4_h7l61.jpg?impolicy=thumb&size=150,,통합조회_전체_no_filter_20260507_0536.csv
갤럭시 s25,train_positive_candidate,1,positive_candidate_from_joongna,중고나라,갤럭시 s25,갤럭시 s25,갤럭시 s25,228040645,갤럭시S25 등급별기기 판매합니다,580000,판매중,2026-04-29 00:03,https://web.joongna.com/product/228040645,https://img2.joongna.com/media/original/2026/04/29/17773886083288q6_JHDao.jpg?impolicy=thumb&size=150,,통합조회_전체_no_filter_20260507_0536.csv
갤럭시 s25,train_positive_candidate,1,positive_candidate_from_joongna,중고나라,갤럭시 s25,갤럭시 s25,갤럭시 s25,227502211,갤럭시 S25 256GB 깔끔 저렴 정상해지,620000,예약중,2026-04-28 22:39,https://web.joongna.com/product/227502211,https://img2.joongna.com/media/original/2026/04/14/1776154591788gsu_X3izr.jpg?impolicy=thumb&size=150,,통합조회_전체_no_filter_20260507_0536.csv
갤럭시 s25,train_positive_candidate,1,positive_candidate_from_joongna,중고나라,갤럭시 s25,갤럭시 s25,갤럭시 s25,227922796,삼성 갤럭시 S25 엣지 실버 256 팝니다,780000,거래완료,2026-04-28 18:40,https://web.joongna.com/product/227922796,https://img2.joongna.com/media/original/2026/04/25/1777115653448fG6_pjGVI.jpg?impolicy=thumb&size=150,,통합조회_전체_no_filter_20260507_0536.csv
갤럭시 s25,train_positive_candidate,1,positive_candidate_from_joongna,중고나라,갤럭시 s25,갤럭시 s25,갤럭시 s25,228016797,갤럭시 S25엣지 256GB 실버색상,720000,판매중,2026-04-28 13:12,https://web.joongna.com/product/228016797,https://img2.joongna.com/media/original/2026/04/28/1777349541794Njw_EHyqV.jpg?impolicy=thumb&size=150,,통합조회_전체_no_filter_20260507_0536.csv
갤럭시 s25,train_positive_candidate,1,positive_candidate_from_joongna,중고나라,갤럭시 s25,갤럭시 s25,갤럭시 s25,227788946,갤럭시S25 512G 보증기간 남아있어요,690000,판매중,2026-04-28 12:39,https://web.joongna.com/product/227788946,https://img2.joongna.com/media/original/2026/04/22/1776821029724BGt_huIhw.jpg?impolicy=thumb&size=150,,통합조회_전체_no_filter_20260507_0536.csv
갤럭시 s25,train_positive_candidate,1,positive_candidate_from_joongna,중고나라,갤럭시 s25,갤럭시 s25,갤럭시 s25,227828317,갤럭시s25 512기가 잔상없어요 Sk 보증기간2027년까지,690000,판매중,2026-04-28 11:03,https://web.joongna.com/product/227828317,https://img2.joongna.com/media/original/2026/04/23/1776907897408CYo_GdV4j.jpg?impolicy=thumb&size=150,,통합조회_전체_no_filter_20260507_0536.csv
갤럭시 s25,train_positive_candidate,1,positive_candidate_from_joongna,중고나라,갤럭시 s25,갤럭시 s25,갤럭시 s25,227757957,갤럭시s25 512기가 SS급 무잔상 아주깨끗 보증기간2027년까지,730000,판매중,2026-04-28 11:02,https://web.joongna.com/product/227757957,https://img2.joongna.com/media/original/2026/04/21/17767465055064gH_e4oqB.jpg?impolicy=thumb&size=150,,통합조회_전체_no_filter_20260507_0536.csv
갤럭시 s25,train_positive_candidate,1,positive_candidate_from_joongna,중고나라,갤럭시 s25,갤럭시 s25,갤럭시 s25,228013602,(6229)갤럭시s25엣지 256 s급 판매,669000,거래완료,2026-04-28 11:47,https://web.joongna.com/product/228013602,https://img2.joongna.com/media/original/2026/04/28/1777344471202slM_qINEf.jpg?impolicy=thumb&size=150,,통합조회_전체_no_filter_20260507_0536.csv
갤럭시 s25,train_positive_candidate,1,positive_candidate_from_joongna,중고나라,갤럭시 s25,갤럭시 s25,갤럭시 s25,228010995,[60만] S급 갤럭시 S25 FE 256기가,600000,판매중,2026-04-28 10:44,https://web.joongna.com/product/228010995,https://img2.joongna.com/media/original/2026/04/28/1777340666555KoS_c3kMu.jpg?impolicy=thumb&size=150,,통합조회_전체_no_filter_20260507_0536.csv
갤럭시 s25,train_positive_candidate,1,positive_candidate_from_joongna,중고나라,갤럭시 s25,갤럭시 s25,갤럭시 s25,228009865,갤럭시 S25엣지 최신폰 512기가 대용량 외관초S급,770000,판매중,2026-04-28 10:12,https://web.joongna.com/product/228009865,https://img2.joongna.com/media/original/2026/04/28/1777338738176Se2_hwq7l.jpg?impolicy=thumb&size=150,,통합조회_전체_no_filter_20260507_0536.csv
갤럭시 s25,train_positive_candidate,1,positive_candidate_from_joongna,중고나라,갤럭시 s25,갤럭시 s25,갤럭시 s25,228009406,갤럭시s25엣지 512GB 자급제 A+ 이상 컨디션 판매합니다,800000,예약중,2026-04-28 09:59,https://web.joongna.com/product/228009406,https://img2.joongna.com/media/original/2026/04/28/1777337956202aA0_2zeyZ.jpg?impolicy=thumb&size=150,,통합조회_전체_no_filter_20260507_0536.csv
갤럭시 s25,train_positive_candidate,1,positive_candidate_from_joongna,중고나라,갤럭시 s25,갤럭시 s25,갤럭시 s25,228007605,[판매] Samsung 갤럭시 S25 Ultra 화이트 256GB / 상태 최상 / 풀박스,900000,거래완료,2026-04-28 09:43,https://web.joongna.com/product/228007605,https://img2.joongna.com/media/original/2026/04/28/17773336044273pq_r6ODz.jpg?impolicy=thumb&size=150,,통합조회_전체_no_filter_20260507_0536.csv
갤럭시 s25,train_positive_candidate,1,positive_candidate_from_joongna,중고나라,갤럭시 s25,갤럭시 s25,갤럭시 s25,227901691,LGT 갤럭시 s25 실버 256GB,730000,거래완료,2026-04-28 09:36,https://web.joongna.com/product/227901691,https://img2.joongna.com/media/original/2026/04/25/1777079814740GZP_Tpbo8.jpg?impolicy=thumb&size=150,,통합조회_전체_no_filter_20260507_0536.csv
갤럭시 s25,train_positive_candidate,1,positive_candidate_from_joongna,중고나라,갤럭시 s25,갤럭시 s25,갤럭시 s25,227933035,삼성스토어에서구입 [미개봉 자급제] 갤럭시 s25 256기가 새제품,1040000,거래완료,2026-04-28 06:59,https://web.joongna.com/product/227933035,https://img2.joongna.com/media/original/2026/04/26/1777152873929LaO_P95lf.jpg?impolicy=thumb&size=150,,통합조회_전체_no_filter_20260507_0536.csv
갤럭시 s25,train_positive_candidate,1,positive_candidate_from_joongna,중고나라,갤럭시 s25,갤럭시 s25,갤럭시 s25,228005567,[68만]S급실버색상 갤럭시S25 256기가,680000,판매중,2026-04-28 05:54,https://web.joongna.com/product/228005567,https://img2.joongna.com/media/original/2026/04/28/1777323259322eox_vQKB3.jpg?impolicy=thumb&size=150,,통합조회_전체_no_filter_20260507_0536.csv
갤럭시 s25,train_positive_candidate,1,positive_candidate_from_joongna,중고나라,갤럭시 s25,갤럭시 s25,갤럭시 s25,228004143,갤럭시 S25엣지 최신폰 512기가 대용량 외관초S급,770000,판매중,2026-04-28 01:23,https://web.joongna.com/product/228004143,https://img2.joongna.com/media/original/2026/04/28/1777306985187lyH_UrNZJ.jpg?impolicy=thumb&size=150,,통합조회_전체_no_filter_20260507_0536.csv
갤럭시 s25,train_positive_candidate,1,positive_candidate_from_joongna,중고나라,갤럭시 s25,갤럭시 s25,갤럭시 s25,228002729,갤럭시S25 등급별기기 판매합니다,580000,판매중,2026-04-28 00:01,https://web.joongna.com/product/228002729,https://img2.joongna.com/media/original/2026/04/28/1777302071577u1Z_JfFLe.jpg?impolicy=thumb&size=150,,통합조회_전체_no_filter_20260507_0536.csv
갤럭시 s25,train_positive_candidate,1,positive_candidate_from_joongna,중고나라,갤럭시 s25,갤럭시 s25,갤럭시 s25,227870744,*66만* 갤럭시 S25엣지 실버 256기가 25년 7월개통 액정무기스 무잔상 판매합니다,660000,거래완료,2026-04-27 18:03,https://web.joongna.com/product/227870744,https://img2.joongna.com/media/original/2026/04/24/1777001681767EZY_Swsk1.jpg?impolicy=thumb&size=150,,통합조회_전체_no_filter_20260507_0536.csv
갤럭시 s25,train_positive_candidate,1,positive_candidate_from_joongna,중고나라,갤럭시 s25,갤럭시 s25,갤럭시 s25,222852058,갤럭시s25 256G 무잔상 상태최상 ^^,630000,예약중,2026-04-27 18:25,https://web.joongna.com/product/222852058,https://img2.joongna.com/media/original/2026/04/24/1777012831277LLz_H8o9U.jpg?impolicy=thumb&size=150,,통합조회_전체_no_filter_20260507_0536.csv
갤럭시 s25,train_positive_candidate,1,positive_candidate_from_joongna,중고나라,갤럭시 s25,갤럭시 s25,갤럭시 s25,227607503,*70만* 갤럭시 S25엣지 실버 256기가 25년 9월개통 선약O 신폰급컨디션 판매합니다,700000,거래완료,2026-04-27 18:02,https://web.joongna.com/product/227607503,https://img2.joongna.com/media/original/2026/04/17/1776395965282lLl_4Pd6q.jpg?impolicy=thumb&size=150,,통합조회_전체_no_filter_20260507_0536.csv
갤럭시 s25,train_positive_candidate,1,positive_candidate_from_joongna,중고나라,갤럭시 s25,갤럭시 s25,갤럭시 s25,227990344,[대전 중고폰] 갤럭시 S25엣지 512GB 아이스 블루 / S급 / 실물촬영 / 매장운영 414299,730000,거래완료,2026-04-27 18:12,https://web.joongna.com/product/227990344,https://img2.joongna.com/media/original/2026/04/27/1777279710333Och_2602M.jpg?impolicy=thumb&size=150,,통합조회_전체_no_filter_20260507_0536.csv
갤럭시 s25,train_positive_candidate,1,positive_candidate_from_joongna,중고나라,갤럭시 s25,갤럭시 s25,갤럭시 s25,227690397,갤럭시s25 256G 무잔상 상태최상 ^^,640000,예약중,2026-04-27 18:21,https://web.joongna.com/product/227690397,https://img2.joongna.com/media/original/2026/04/24/17770121006399rv_3KbNe.jpg?impolicy=thumb&size=150,,통합조회_전체_no_filter_20260507_0536.csv
